page_id,register,orig_path,filename,width,height,megapixels,bytes,sha12,readable,dup_group,mccatmus,transkribus,gemini,reconciled,translated
p001,Stato delle anime di Turate,raw/Archivio diocesano/Stato delle anime di Turate/stato delle anime Turate 1679 - pagina 1.jpeg,stato delle anime Turate 1679 - pagina 1.jpeg,4032,3024,12.2,8079426,52a6eb74149e,ok,,,,,,
p002,Stato delle anime di Turate,raw/Archivio diocesano/Stato delle anime di Turate/stato delle anime Turate 1679 - pagina 10.jpeg,stato delle anime Turate 1679 - pagina 10.jpeg,4032,3024,12.2,9155782,a36b54609e9b,ok,,,,,,
p003,Stato delle anime di Turate,raw/Archivio diocesano/Stato delle anime di Turate/stato delle anime Turate 1679 - pagina 11.jpeg,stato delle anime Turate 1679 - pagina 11.jpeg,4032,3024,12.2,8842061,8affe123c94c,ok,,,,,,
p004,Stato delle anime di Turate,raw/Archivio diocesano/Stato delle anime di Turate/stato delle anime Turate 1679 - pagina 12.jpeg,stato delle anime Turate 1679 - pagina 12.jpeg,4032,3024,12.2,9270837,d110273b3da9,ok,,,,,,
p005,Stato delle anime di Turate,raw/Archivio diocesano/Stato delle anime di Turate/stato delle anime Turate 1679 - pagina 13.jpeg,stato delle anime Turate 1679 - pagina 13.jpeg,4032,3024,12.2,9576975,e9e5f38ee60e,ok,,,,,,
p006,Stato delle anime di Turate,raw/Archivio diocesano/Stato delle anime di Turate/stato delle anime Turate 1679 - pagina 14.jpeg,stato delle anime Turate 1679 - pagina 14.jpeg,4032,3024,12.2,9677273,47c3b331bdf6,ok,,,,,,
p007,Stato delle anime di Turate,raw/Archivio diocesano/Stato delle anime di Turate/stato delle anime Turate 1679 - pagina 15.jpeg,stato delle anime Turate 1679 - pagina 15.jpeg,4032,3024,12.2,9038713,e312d52600e8,ok,,,,,,
p008,Stato delle anime di Turate,raw/Archivio diocesano/Stato delle anime di Turate/stato delle anime Turate 1679 - pagina 16.jpeg,stato delle anime Turate 1679 - pagina 16.jpeg,4032,3024,12.2,9172991,f84e0599c464,ok,,,,,,
p009,Stato delle anime di Turate,raw/Archivio diocesano/Stato delle anime di Turate/stato delle anime Turate 1679 - pagina 17.jpeg,stato delle anime Turate 1679 - pagina 17.jpeg,4032,3024,12.2,8711787,0cee93496170,ok,,,,,,
p010,Stato delle anime di Turate,raw/Archivio diocesano/Stato delle anime di Turate/stato delle anime Turate 1679 - pagina 2.jpeg,stato delle anime Turate 1679 - pagina 2.jpeg,4032,3024,12.2,9615113,ba441f8be341,ok,,,,,,
p011,Stato delle anime di Turate,raw/Archivio diocesano/Stato delle anime di Turate/stato delle anime Turate 1679 - pagina 20.jpeg,stato delle anime Turate 1679 - pagina 20.jpeg,4032,3024,12.2,9404402,fe2a0116597b,ok,,,,,,
p012,Stato delle anime di Turate,raw/Archivio diocesano/Stato delle anime di Turate/stato delle anime Turate 1679 - pagina 21.jpeg,stato delle anime Turate 1679 - pagina 21.jpeg,4032,3024,12.2,8953324,ae4eeaebaebf,ok,,,,,,
p013,Stato delle anime di Turate,raw/Archivio diocesano/Stato delle anime di Turate/stato delle anime Turate 1679 - pagina 22.jpeg,stato delle anime Turate 1679 - pagina 22.jpeg,4032,3024,12.2,8744356,767511b1a46f,ok,,,,,,
p014,Stato delle anime di Turate,raw/Archivio diocesano/Stato delle anime di Turate/stato delle anime Turate 1679 - pagina 23.jpeg,stato delle anime Turate 1679 - pagina 23.jpeg,4032,3024,12.2,9580653,99b983dd2d83,ok,,,,,,
p015,Stato delle anime di Turate,raw/Archivio diocesano/Stato delle anime di Turate/stato delle anime Turate 1679 - pagina 24.jpeg,stato delle anime Turate 1679 - pagina 24.jpeg,4032,3024,12.2,9563718,5582438345e8,ok,,,,,,
p016,Stato delle anime di Turate,raw/Archivio diocesano/Stato delle anime di Turate/stato delle anime Turate 1679 - pagina 25.jpeg,stato delle anime Turate 1679 - pagina 25.jpeg,4032,3024,12.2,9437184,8e1ed192db50,ok,,,,,,
p017,Stato delle anime di Turate,raw/Archivio diocesano/Stato delle anime di Turate/stato delle anime Turate 1679 - pagina 26.jpeg,stato delle anime Turate 1679 - pagina 26.jpeg,4032,3024,12.2,7978857,cea123b88efc,ok,,,,,,
p018,Stato delle anime di Turate,raw/Archivio diocesano/Stato delle anime di Turate/stato delle anime Turate 1679 - pagina 3.jpeg,stato delle anime Turate 1679 - pagina 3.jpeg,4032,3024,12.2,9322160,9f2451ff424f,ok,,,,,,
p019,Stato delle anime di Turate,raw/Archivio diocesano/Stato delle anime di Turate/stato delle anime Turate 1679 - pagina 4.jpeg,stato delle anime Turate 1679 - pagina 4.jpeg,4032,3024,12.2,9356990,aeade8aea6ff,ok,,,,,,
p020,Stato delle anime di Turate,raw/Archivio diocesano/Stato delle anime di Turate/stato delle anime Turate 1679 - pagina 5.jpeg,stato delle anime Turate 1679 - pagina 5.jpeg,4032,3024,12.2,9345621,46dd732a18bf,ok,,,,,,
p021,Stato delle anime di Turate,raw/Archivio diocesano/Stato delle anime di Turate/stato delle anime Turate 1679 - pagina 6.jpeg,stato delle anime Turate 1679 - pagina 6.jpeg,4032,3024,12.2,9135446,d44bf27b39f3,ok,,,,,,
p022,Stato delle anime di Turate,raw/Archivio diocesano/Stato delle anime di Turate/stato delle anime Turate 1679 - pagina 7.jpeg,stato delle anime Turate 1679 - pagina 7.jpeg,4032,3024,12.2,9213476,3ecd50df2946,ok,,,,,,
p023,Stato delle anime di Turate,raw/Archivio diocesano/Stato delle anime di Turate/stato delle anime Turate 1679 - pagina 8.jpeg,stato delle anime Turate 1679 - pagina 8.jpeg,4032,3024,12.2,9149783,bbcb602c6845,ok,,,,,,
p024,Stato delle anime di Turate,raw/Archivio diocesano/Stato delle anime di Turate/stato delle anime Turate 1679 - pagina 9.jpeg,stato delle anime Turate 1679 - pagina 9.jpeg,4032,3024,12.2,9086099,2678ed2e7eb1,ok,,,,,,
p025,X 18 (1570-79),raw/Archivio diocesano/X 18 (1570-79)/IMG20260522101428.jpg,IMG20260522101428.jpg,985,1751,1.7,827595,c1e4e2e50947,ok,,,,,,
p026,X 18 (1570-79),raw/Archivio diocesano/X 18 (1570-79)/IMG20260522101433.jpg,IMG20260522101433.jpg,1066,1894,2.0,822676,144bdd1f225c,ok,,,,,,
p027,X 18 (1570-79),raw/Archivio diocesano/X 18 (1570-79)/IMG20260522101448.jpg,IMG20260522101448.jpg,1024,1820,1.9,826287,9c579aebcb65,ok,,,,,,
p028,X 18 (1570-79),raw/Archivio diocesano/X 18 (1570-79)/IMG20260522101456.jpg,IMG20260522101456.jpg,1044,1855,1.9,832817,9c5127db5012,ok,,,,,,
p029,X 18 (1570-79),raw/Archivio diocesano/X 18 (1570-79)/IMG20260522101508.jpg,IMG20260522101508.jpg,1141,2029,2.3,808760,907ae0e3df74,ok,,,,,,
p030,X 18 (1570-79),raw/Archivio diocesano/X 18 (1570-79)/IMG20260522101512.jpg,IMG20260522101512.jpg,1061,1886,2.0,820108,0d853565ac87,ok,,,,,,
p031,X 18 (1570-79),raw/Archivio diocesano/X 18 (1570-79)/IMG20260522101521.jpg,IMG20260522101521.jpg,1161,2064,2.4,936763,6ba6f1a87c9a,ok,,,,,,
p032,X 18 (1570-79),raw/Archivio diocesano/X 18 (1570-79)/IMG20260522101524.jpg,IMG20260522101524.jpg,1038,1845,1.9,854599,c1b86b8d7184,ok,,,,,,
p033,X 18 (1570-79),raw/Archivio diocesano/X 18 (1570-79)/IMG20260522101547.jpg,IMG20260522101547.jpg,1149,2043,2.3,780038,da464e171fb1,ok,,,,,,
p034,X 18 (1570-79),raw/Archivio diocesano/X 18 (1570-79)/IMG20260522101553.jpg,IMG20260522101553.jpg,1034,1838,1.9,832521,8c59a302e16a,ok,,,,,,
p035,X 18 (1570-79),raw/Archivio diocesano/X 18 (1570-79)/IMG20260522101602.jpg,IMG20260522101602.jpg,1152,2048,2.4,878261,10e9416f33b4,ok,,,,,,
p036,X 18 (1570-79),raw/Archivio diocesano/X 18 (1570-79)/IMG20260522101609.jpg,IMG20260522101609.jpg,1041,1851,1.9,834541,0bb62b6c95cf,ok,,,,,,
p037,X 18 (1570-79),raw/Archivio diocesano/X 18 (1570-79)/IMG20260522101618.jpg,IMG20260522101618.jpg,1128,2006,2.3,763329,813ad4737380,ok,,,,,,
p038,X 18 (1570-79),raw/Archivio diocesano/X 18 (1570-79)/IMG20260522101623.jpg,IMG20260522101623.jpg,1204,2141,2.6,881890,c8d28a6bead3,ok,,,,,,
p039,X 18 (1570-79),raw/Archivio diocesano/X 18 (1570-79)/IMG20260522101635.jpg,IMG20260522101635.jpg,1120,1991,2.2,773241,445ba8a3e2ee,ok,,,,,,
p040,X 18 (1570-79),raw/Archivio diocesano/X 18 (1570-79)/IMG20260522101646.jpg,IMG20260522101646.jpg,1010,1796,1.8,878527,b62bd015b507,ok,,,,,,
p041,X 18 (1570-79),raw/Archivio diocesano/X 18 (1570-79)/IMG20260522101658.jpg,IMG20260522101658.jpg,1053,1873,2.0,899925,0ad9b8f0844e,ok,,,,,,
p042,X 18 (1570-79),raw/Archivio diocesano/X 18 (1570-79)/IMG20260522101704.jpg,IMG20260522101704.jpg,1108,1969,2.2,826572,34b3574384f8,ok,,,,,,
p043,X 18 (1570-79),raw/Archivio diocesano/X 18 (1570-79)/IMG20260522101713.jpg,IMG20260522101713.jpg,1118,1988,2.2,816065,13808d82d6ae,ok,,,,,,
p044,X 18 (1570-79),raw/Archivio diocesano/X 18 (1570-79)/IMG20260522101735.jpg,IMG20260522101735.jpg,1129,2007,2.3,778622,b05e37462970,ok,,,,,,
p045,X 18 (1570-79),raw/Archivio diocesano/X 18 (1570-79)/IMG20260522101739.jpg,IMG20260522101739.jpg,1203,2139,2.6,887713,7edcc1b1e01e,ok,,,,,,
p046,X 18 (1570-79),raw/Archivio diocesano/X 18 (1570-79)/IMG20260522101745.jpg,IMG20260522101745.jpg,1038,1844,1.9,852727,2bcbbe3c4892,ok,,,,,,
p047,X 18 (1570-79),raw/Archivio diocesano/X 18 (1570-79)/IMG20260522101757.jpg,IMG20260522101757.jpg,1037,1844,1.9,847363,4f9c02958e20,ok,,,,,,
p048,X 18 (1570-79),raw/Archivio diocesano/X 18 (1570-79)/IMG20260522101809.jpg,IMG20260522101809.jpg,1108,1970,2.2,805110,204b75700815,ok,,,,,,
p049,X 18 (1570-79),raw/Archivio diocesano/X 18 (1570-79)/IMG20260522101815.jpg,IMG20260522101815.jpg,1053,1872,2.0,838287,2b351decb343,ok,,,,,,
p050,X 18 (1570-79),raw/Archivio diocesano/X 18 (1570-79)/IMG20260522101828.jpg,IMG20260522101828.jpg,1086,1931,2.1,840578,636006aea094,ok,,,,,,
p051,X 18 (1570-79),raw/Archivio diocesano/X 18 (1570-79)/IMG20260522101833.jpg,IMG20260522101833.jpg,1120,1992,2.2,760167,3a7581043182,ok,,,,,,
p052,X 18 (1570-79),raw/Archivio diocesano/X 18 (1570-79)/IMG20260522101844.jpg,IMG20260522101844.jpg,1257,2235,2.8,842996,c8ef74e7c47a,ok,,,,,,
p053,X 18 (1570-79),raw/Archivio diocesano/X 18 (1570-79)/IMG20260522101905.jpg,IMG20260522101905.jpg,1019,1812,1.8,881640,0e53e013b866,ok,,,,,,
p054,X 18 (1570-79),raw/Archivio diocesano/X 18 (1570-79)/IMG20260522101915.jpg,IMG20260522101915.jpg,1050,1866,2.0,898112,b4a589bce5c6,ok,,,,,,
p055,X 18 (1570-79),raw/Archivio diocesano/X 18 (1570-79)/IMG20260522101921.jpg,IMG20260522101921.jpg,1057,1879,2.0,837507,7f6defb3ed9c,ok,,,,,,
p056,X 18 (1570-79),raw/Archivio diocesano/X 18 (1570-79)/IMG20260522101928.jpg,IMG20260522101928.jpg,990,1760,1.7,843775,2033e8a5c73e,ok,,,,,,
p057,X 18 (1570-79),raw/Archivio diocesano/X 18 (1570-79)/IMG20260522101940.jpg,IMG20260522101940.jpg,1116,1984,2.2,825954,d036b956387e,ok,,,,,,
p058,X 18 (1570-79),raw/Archivio diocesano/X 18 (1570-79)/IMG20260522101946.jpg,IMG20260522101946.jpg,1100,1955,2.2,831856,b08b75d9741b,ok,,,,,,
p059,X 18 (1570-79),raw/Archivio diocesano/X 18 (1570-79)/IMG20260522102033.jpg,IMG20260522102033.jpg,1037,1843,1.9,838304,d97cf72513d9,ok,,,,,,
p060,X 18 (1570-79),raw/Archivio diocesano/X 18 (1570-79)/IMG20260522102044.jpg,IMG20260522102044.jpg,1141,2029,2.3,783350,1619ef8e15de,ok,,,,,,
p061,X 18 (1570-79),raw/Archivio diocesano/X 18 (1570-79)/IMG20260522102049.jpg,IMG20260522102049.jpg,1095,1946,2.1,795957,071554fb2d55,ok,,,,,,
p062,X 18 (1570-79),raw/Archivio diocesano/X 18 (1570-79)/IMG20260522102059.jpg,IMG20260522102059.jpg,1137,2021,2.3,788543,2552fb3fa1e9,ok,,,,,,
p063,X 18 (1570-79),raw/Archivio diocesano/X 18 (1570-79)/IMG20260522102104.jpg,IMG20260522102104.jpg,1105,1964,2.2,805936,469127711bc3,ok,,,,,,
p064,X 18 (1570-79),raw/Archivio diocesano/X 18 (1570-79)/IMG20260522102115.jpg,IMG20260522102115.jpg,1162,2065,2.4,917109,8fe5fcf5434b,ok,,,,,,
p065,X 18 (1570-79),raw/Archivio diocesano/X 18 (1570-79)/IMG20260522102134.jpg,IMG20260522102134.jpg,1081,1921,2.1,809642,5ea1fa3deaea,ok,,,,,,
p066,X 18 (1570-79),raw/Archivio diocesano/X 18 (1570-79)/IMG20260522102158.jpg,IMG20260522102158.jpg,1177,2093,2.5,914247,c2c07bf575c7,ok,,,,,,
p067,X 18 (1570-79),raw/Archivio diocesano/X 18 (1570-79)/IMG20260522102204.jpg,IMG20260522102204.jpg,1064,1892,2.0,843262,3e5c76d152fa,ok,,,,,,
p068,X 18 (1570-79),raw/Archivio diocesano/X 18 (1570-79)/IMG20260522102204_01.jpg,IMG20260522102204_01.jpg,1176,2090,2.5,916623,d160f75fd063,ok,,,,,,
p069,X 18 (1570-79),raw/Archivio diocesano/X 18 (1570-79)/IMG20260522102213.jpg,IMG20260522102213.jpg,1158,2059,2.4,917955,3b519a9dbba4,ok,,,,,,
p070,X 18 (1570-79),raw/Archivio diocesano/X 18 (1570-79)/IMG20260522102218.jpg,IMG20260522102218.jpg,1102,1958,2.2,828268,1f2b93b5b9f3,ok,,,,,,
p071,X 18 (1570-79),raw/Archivio diocesano/X 18 (1570-79)/IMG20260522102228.jpg,IMG20260522102228.jpg,1048,1863,2.0,795803,727e9ccafdbd,ok,,,,,,
p072,X 18 (1570-79),raw/Archivio diocesano/X 18 (1570-79)/IMG20260522102238.jpg,IMG20260522102238.jpg,1091,1939,2.1,825667,0b26a924280c,ok,,,,,,
p073,X 18 (1570-79),raw/Archivio diocesano/X 18 (1570-79)/IMG20260522102253.jpg,IMG20260522102253.jpg,1220,2168,2.6,872178,8e0ba07b7f04,ok,,,,,,
p074,X 18 (1570-79),raw/Archivio diocesano/X 18 (1570-79)/IMG20260522102259.jpg,IMG20260522102259.jpg,1126,2002,2.3,789060,8a8d59a2558c,ok,,,,,,
p075,X 18 (1570-79),raw/Archivio diocesano/X 18 (1570-79)/IMG20260522102311.jpg,IMG20260522102311.jpg,1152,2047,2.4,821262,d59b72435150,ok,,,,,,
p076,X 18 (1570-79),raw/Archivio diocesano/X 18 (1570-79)/IMG20260522102317.jpg,IMG20260522102317.jpg,1078,1916,2.1,805386,6acdc5d1d45a,ok,,,,,,
p077,X 18 (1570-79),raw/Archivio diocesano/X 18 (1570-79)/IMG20260522102332.jpg,IMG20260522102332.jpg,1037,1843,1.9,836649,87002affd045,ok,,,,,,
p078,X 18 (1570-79),raw/Archivio diocesano/X 18 (1570-79)/IMG20260522102340.jpg,IMG20260522102340.jpg,1011,1797,1.8,821309,73ef56b77322,ok,,,,,,
p079,X 18 (1570-79),raw/Archivio diocesano/X 18 (1570-79)/IMG20260522102545.jpg,IMG20260522102545.jpg,1119,1990,2.2,790158,4835163eb0e3,ok,,,,,,
p080,X 18 (1570-79),raw/Archivio diocesano/X 18 (1570-79)/IMG20260522102610.jpg,IMG20260522102610.jpg,1069,1901,2.0,840903,735d446d392f,ok,,,,,,
p081,X 18 (1570-79),raw/Archivio diocesano/X 18 (1570-79)/IMG20260522102616.jpg,IMG20260522102616.jpg,1049,1864,2.0,830679,fe0f85e4eaa4,ok,,,,,,
p082,X 18 (1570-79),raw/Archivio diocesano/X 18 (1570-79)/IMG20260522102630.jpg,IMG20260522102630.jpg,1105,1964,2.2,806314,756cd2c3ed2d,ok,,,,,,
p083,X 18 (1570-79),raw/Archivio diocesano/X 18 (1570-79)/IMG20260522102635.jpg,IMG20260522102635.jpg,1030,1832,1.9,827904,811a02ef0c09,ok,,,,,,
p084,X 18 (1570-79),raw/Archivio diocesano/X 18 (1570-79)/IMG20260522102643.jpg,IMG20260522102643.jpg,1126,2001,2.3,784386,2383055e1dbb,ok,,,,,,
p085,X 18 (1570-79),raw/Archivio diocesano/X 18 (1570-79)/IMG20260522102651.jpg,IMG20260522102651.jpg,1046,1859,1.9,826588,47b9132d3a8c,ok,,,,,,
p086,X 18 (1570-79),raw/Archivio diocesano/X 18 (1570-79)/IMG20260522102701.jpg,IMG20260522102701.jpg,1185,2106,2.5,904241,a9021d6d1644,ok,,,,,,
p087,X 18 (1570-79),raw/Archivio diocesano/X 18 (1570-79)/IMG20260522102708.jpg,IMG20260522102708.jpg,1143,2032,2.3,803494,c1df725ea4e4,ok,,,,,,
p088,X 18 (1570-79),raw/Archivio diocesano/X 18 (1570-79)/IMG20260522102715.jpg,IMG20260522102715.jpg,1108,1970,2.2,799053,421332ccffee,ok,,,,,,
p089,X 18 (1570-79),raw/Archivio diocesano/X 18 (1570-79)/IMG20260522102723.jpg,IMG20260522102723.jpg,1148,2040,2.3,788663,0b8575a2b6d1,ok,,,,,,
p090,X 18 (1570-79),raw/Archivio diocesano/X 18 (1570-79)/IMG20260522102733.jpg,IMG20260522102733.jpg,1143,2032,2.3,770102,c623630dfb78,ok,,,,,,
p091,X 18 (1570-79),raw/Archivio diocesano/X 18 (1570-79)/IMG20260522102739.jpg,IMG20260522102739.jpg,1046,1860,1.9,837130,44ea231cb206,ok,,,,,,
p092,X 18 (1570-79),raw/Archivio diocesano/X 18 (1570-79)/IMG20260522102747.jpg,IMG20260522102747.jpg,1173,2085,2.4,910874,f9334c489fab,ok,,,,,,
p093,X 18 (1570-79),raw/Archivio diocesano/X 18 (1570-79)/IMG20260522102753.jpg,IMG20260522102753.jpg,1074,1909,2.1,812934,4dbd0148efcc,ok,,,,,,
p094,X 18 (1570-79),raw/Archivio diocesano/X 18 (1570-79)/IMG20260522102800.jpg,IMG20260522102800.jpg,1223,2174,2.7,857335,2fcd07f390c8,ok,,,,,,
p095,X 18 (1570-79),raw/Archivio diocesano/X 18 (1570-79)/IMG20260522102805.jpg,IMG20260522102805.jpg,1053,1872,2.0,823831,3b0d6c52b1a0,ok,,,,,,
p096,X 18 (1570-79),raw/Archivio diocesano/X 18 (1570-79)/IMG20260522102814.jpg,IMG20260522102814.jpg,1210,2151,2.6,875858,76024183f4ee,ok,,,,,,
p097,X 18 (1570-79),raw/Archivio diocesano/X 18 (1570-79)/IMG20260522102819.jpg,IMG20260522102819.jpg,1094,1946,2.1,806364,50f0705f9eb1,ok,,,,,,
p098,X 18 (1570-79),raw/Archivio diocesano/X 18 (1570-79)/IMG20260522102828.jpg,IMG20260522102828.jpg,1143,2031,2.3,782157,b42100828e9c,ok,,,,,,
p099,X 18 (1570-79),raw/Archivio diocesano/X 18 (1570-79)/IMG20260522102833.jpg,IMG20260522102833.jpg,1086,1931,2.1,809311,d81467ea3d8f,ok,,,,,,
p100,X 18 (1570-79),raw/Archivio diocesano/X 18 (1570-79)/IMG20260522102844.jpg,IMG20260522102844.jpg,1113,1978,2.2,806122,54d6f92b83d6,ok,,,,,,
p101,X 18 (1570-79),raw/Archivio diocesano/X 18 (1570-79)/IMG20260522102849.jpg,IMG20260522102849.jpg,1065,1894,2.0,832447,7d6375ea714b,ok,,,,,,
p102,X 18 (1570-79),raw/Archivio diocesano/X 18 (1570-79)/IMG20260522102857.jpg,IMG20260522102857.jpg,1132,2013,2.3,793098,ace337820e63,ok,,,,,,
p103,X 18 (1570-79),raw/Archivio diocesano/X 18 (1570-79)/IMG20260522102902.jpg,IMG20260522102902.jpg,1021,1816,1.9,845295,f88e3d9dab98,ok,,,,,,
p104,X 18 (1570-79),raw/Archivio diocesano/X 18 (1570-79)/IMG20260522102928.jpg,IMG20260522102928.jpg,1173,2085,2.4,914105,426283fb7497,ok,,,,,,
p105,X 18 (1570-79),raw/Archivio diocesano/X 18 (1570-79)/IMG20260522102933.jpg,IMG20260522102933.jpg,1077,1914,2.1,827351,6b951cb93e31,ok,,,,,,
p106,X 18 (1570-79),raw/Archivio diocesano/X 18 (1570-79)/IMG20260522102940.jpg,IMG20260522102940.jpg,1095,1947,2.1,809001,7d3f3ea3ef67,ok,,,,,,
p107,X 18 (1570-79),raw/Archivio diocesano/X 18 (1570-79)/IMG20260522102946.jpg,IMG20260522102946.jpg,1014,1802,1.8,841642,b9f1307d3d88,ok,,,,,,
p108,X 18 (1570-79),raw/Archivio diocesano/X 18 (1570-79)/IMG20260522102953.jpg,IMG20260522102953.jpg,1161,2064,2.4,902518,c9ddb017e03c,ok,,,,,,
p109,X 18 (1570-79),raw/Archivio diocesano/X 18 (1570-79)/IMG20260522102958.jpg,IMG20260522102958.jpg,1019,1812,1.8,840362,751f08c71a8c,ok,,,,,,
p110,X 18 (1570-79),raw/Archivio diocesano/X 18 (1570-79)/IMG20260522103008.jpg,IMG20260522103008.jpg,1176,2091,2.5,905927,df600b71ab84,ok,,,,,,
p111,X 18 (1570-79),raw/Archivio diocesano/X 18 (1570-79)/IMG20260522103013.jpg,IMG20260522103013.jpg,1050,1867,2.0,821987,11e3d11faccb,ok,,,,,,
p112,X 18 (1570-79),raw/Archivio diocesano/X 18 (1570-79)/IMG20260522103020.jpg,IMG20260522103020.jpg,1216,2161,2.6,865259,aefc793e1394,ok,,,,,,
p113,X 18 (1570-79),raw/Archivio diocesano/X 18 (1570-79)/IMG20260522103025.jpg,IMG20260522103025.jpg,1056,1878,2.0,816222,ee6b9a2007d3,ok,,,,,,
p114,X 18 (1570-79),raw/Archivio diocesano/X 18 (1570-79)/IMG20260522103031.jpg,IMG20260522103031.jpg,1170,2080,2.4,903801,b78715fe15b4,ok,,,,,,
p115,X 18 (1570-79),raw/Archivio diocesano/X 18 (1570-79)/IMG20260522103036.jpg,IMG20260522103036.jpg,1009,1794,1.8,828284,6fcbe00e18d4,ok,,,,,,
p116,X 18 (1570-79),raw/Archivio diocesano/X 18 (1570-79)/IMG20260522103044.jpg,IMG20260522103044.jpg,1149,2043,2.3,791561,708813dbf6d7,ok,,,,,,
p117,X 18 (1570-79),raw/Archivio diocesano/X 18 (1570-79)/IMG20260522103048.jpg,IMG20260522103048.jpg,1035,1840,1.9,828129,80b41cdd8bca,ok,,,,,,
p118,X 18 (1570-79),raw/Archivio diocesano/X 18 (1570-79)/IMG20260522103330.jpg,IMG20260522103330.jpg,990,1760,1.7,788386,9256095791a3,ok,,,,,,
p119,X 18 (1570-79),raw/Archivio diocesano/X 18 (1570-79)/IMG20260522103336.jpg,IMG20260522103336.jpg,974,1731,1.7,857451,887a539a100c,ok,,,,,,
p120,X 20 (1583),raw/Archivio diocesano/X 20 (1583)/IMG20260522104527.jpg,IMG20260522104527.jpg,1051,1868,2.0,818973,bbc391e78a00,ok,,,,,,
p121,X 20 (1583),raw/Archivio diocesano/X 20 (1583)/IMG20260522104530.jpg,IMG20260522104530.jpg,1006,1788,1.8,837612,6aa54fcd883a,ok,,,,,,
p122,X 20 (1583),raw/Archivio diocesano/X 20 (1583)/IMG20260522104539.jpg,IMG20260522104539.jpg,1138,2024,2.3,765308,cef00d34d99e,ok,,,,,,
p123,X 20 (1583),raw/Archivio diocesano/X 20 (1583)/IMG20260522104544.jpg,IMG20260522104544.jpg,1035,1839,1.9,834346,0f42a32c6307,ok,,,,,,
p124,X 20 (1583),raw/Archivio diocesano/X 20 (1583)/IMG20260522104554.jpg,IMG20260522104554.jpg,1191,2117,2.5,878665,030d3fb0827c,ok,,,,,,
p125,X 20 (1583),raw/Archivio diocesano/X 20 (1583)/IMG20260522104602.jpg,IMG20260522104602.jpg,1031,1832,1.9,788694,6f7fb5a1c4a7,ok,,,,,,
p126,X 20 (1583),raw/Archivio diocesano/X 20 (1583)/IMG20260522104622.jpg,IMG20260522104622.jpg,1141,2029,2.3,766970,a442b51f4e04,ok,,,,,,
p127,X 20 (1583),raw/Archivio diocesano/X 20 (1583)/IMG20260522104627.jpg,IMG20260522104627.jpg,1070,1902,2.0,793437,8ee5a809991d,ok,,,,,,
p128,X 20 (1583),raw/Archivio diocesano/X 20 (1583)/IMG20260522104637.jpg,IMG20260522104637.jpg,1196,2126,2.5,862977,5571ff8102a4,ok,,,,,,
p129,X 20 (1583),raw/Archivio diocesano/X 20 (1583)/IMG20260522104643.jpg,IMG20260522104643.jpg,1079,1919,2.1,790846,33550141c770,ok,,,,,,
p130,X 20 (1583),raw/Archivio diocesano/X 20 (1583)/IMG20260522104654.jpg,IMG20260522104654.jpg,1187,2111,2.5,885208,23bc9f75be17,ok,,,,,,
p131,X 20 (1583),raw/Archivio diocesano/X 20 (1583)/IMG20260522104700.jpg,IMG20260522104700.jpg,1045,1858,1.9,812442,92db3813ed84,ok,,,,,,
p132,X 20 (1583),raw/Archivio diocesano/X 20 (1583)/IMG20260522104710.jpg,IMG20260522104710.jpg,1164,2069,2.4,897720,988a75fb8e95,ok,,,,,,
p133,X 20 (1583),raw/Archivio diocesano/X 20 (1583)/IMG20260522104717.jpg,IMG20260522104717.jpg,1049,1866,2.0,807789,8374c9802a10,ok,,,,,,
p134,X 20 (1583),raw/Archivio diocesano/X 20 (1583)/IMG20260522104729.jpg,IMG20260522104729.jpg,1160,2063,2.4,895337,ed6f227b3daf,ok,,,,,,
p135,X 20 (1583),raw/Archivio diocesano/X 20 (1583)/IMG20260522104735.jpg,IMG20260522104735.jpg,1044,1856,1.9,809103,cfebdb0a0407,ok,,,,,,
p136,X 20 (1583),raw/Archivio diocesano/X 20 (1583)/IMG20260522104751.jpg,IMG20260522104751.jpg,1130,2009,2.3,783088,edb489bfdaa4,ok,,,,,,
p137,X 20 (1583),raw/Archivio diocesano/X 20 (1583)/IMG20260522104757.jpg,IMG20260522104757.jpg,1044,1857,1.9,843100,f7c15c344d1e,ok,,,,,,
p138,X 20 (1583),raw/Archivio diocesano/X 20 (1583)/IMG20260522104819.jpg,IMG20260522104819.jpg,1029,1828,1.9,854574,ffbae92233a6,ok,,,,,,
p139,X 20 (1583),raw/Archivio diocesano/X 20 (1583)/IMG20260522104822.jpg,IMG20260522104822.jpg,1033,1837,1.9,835146,451346f605bb,ok,,,,,,
p140,X 20 (1583),raw/Archivio diocesano/X 20 (1583)/IMG20260522104829.jpg,IMG20260522104829.jpg,1028,1828,1.9,817416,b6aac56844f8,ok,,,,,,
p141,X 20 (1583),raw/Archivio diocesano/X 20 (1583)/IMG20260522104831.jpg,IMG20260522104831.jpg,1019,1811,1.8,840780,2320d4cc91bf,ok,,,,,,
p142,X 20 (1583),raw/Archivio diocesano/X 20 (1583)/IMG20260522104837.jpg,IMG20260522104837.jpg,1016,1806,1.8,809271,f7417192e447,ok,,,,,,
p143,X 20 (1583),raw/Archivio diocesano/X 20 (1583)/IMG20260522104840.jpg,IMG20260522104840.jpg,983,1747,1.7,842319,7ce9df7a7237,ok,,,,,,
p144,X 20 (1583),raw/Archivio diocesano/X 20 (1583)/IMG20260522104846.jpg,IMG20260522104846.jpg,1033,1836,1.9,809773,a5f20796d88a,ok,,,,,,
p145,X 20 (1583),raw/Archivio diocesano/X 20 (1583)/IMG20260522104849.jpg,IMG20260522104849.jpg,1006,1789,1.8,840742,3b0824e367cd,ok,,,,,,
p146,X 20 (1583),raw/Archivio diocesano/X 20 (1583)/IMG20260522104854.jpg,IMG20260522104854.jpg,1048,1862,2.0,802423,fd65ba6f64ac,ok,,,,,,
p147,X 20 (1583),raw/Archivio diocesano/X 20 (1583)/IMG20260522104856.jpg,IMG20260522104856.jpg,1017,1807,1.8,829684,9dc9674c40c6,ok,,,,,,
p148,X 20 (1583),raw/Archivio diocesano/X 20 (1583)/IMG20260522104901.jpg,IMG20260522104901.jpg,1038,1846,1.9,812624,f9e88176e2c8,ok,,,,,,
p149,X 20 (1583),raw/Archivio diocesano/X 20 (1583)/IMG20260522104903.jpg,IMG20260522104903.jpg,1021,1816,1.9,828872,0c7bf810a861,ok,,,,,,
p150,X 20 (1583),raw/Archivio diocesano/X 20 (1583)/IMG20260522104908.jpg,IMG20260522104908.jpg,1046,1859,1.9,797668,dd3887b40f61,ok,,,,,,
p151,X 20 (1583),raw/Archivio diocesano/X 20 (1583)/IMG20260522104910.jpg,IMG20260522104910.jpg,990,1759,1.7,849088,46a52a0fa572,ok,,,,,,
p152,X 20 (1583),raw/Archivio diocesano/X 20 (1583)/IMG20260522104916.jpg,IMG20260522104916.jpg,1015,1805,1.8,843386,cb134a65c2c9,ok,,,,,,
p153,X 4 (1574),raw/Archivio diocesano/X 4 (1574)/IMG20260522094044.jpg,IMG20260522094044.jpg,1024,1820,1.9,824411,28350a7348ca,ok,,,,,,
p154,X 4 (1574),raw/Archivio diocesano/X 4 (1574)/IMG20260522094049.jpg,IMG20260522094049.jpg,1159,2061,2.4,888267,d4e203c1f53d,ok,,,,,,
p155,X 4 (1574),raw/Archivio diocesano/X 4 (1574)/IMG20260522094059.jpg,IMG20260522094059.jpg,978,1739,1.7,828551,d4f530a001f2,ok,,,,,,
p156,X 4 (1574),raw/Archivio diocesano/X 4 (1574)/IMG20260522094120.jpg,IMG20260522094120.jpg,1064,1891,2.0,814052,1d10bc787c6f,ok,,,,,,
p157,X 4 (1574),raw/Archivio diocesano/X 4 (1574)/IMG20260522094128.jpg,IMG20260522094128.jpg,1027,1826,1.9,857700,ed89637cb7f3,ok,,,,,,
p158,X 4 (1574),raw/Archivio diocesano/X 4 (1574)/IMG20260522094150.jpg,IMG20260522094150.jpg,1130,2008,2.3,736837,ec67ae962cd6,ok,,,,,,
p159,X 4 (1574),raw/Archivio diocesano/X 4 (1574)/IMG20260522094219.jpg,IMG20260522094219.jpg,1075,1911,2.1,796529,37a3cf93e47e,ok,,,,,,
p160,X 4 (1574),raw/Archivio diocesano/X 4 (1574)/IMG20260522094230.jpg,IMG20260522094230.jpg,1033,1837,1.9,851509,b76df7c7d7c8,ok,,,,,,
p161,X 4 (1574),raw/Archivio diocesano/X 4 (1574)/IMG20260522094240.jpg,IMG20260522094240.jpg,1131,2010,2.3,803680,67a2855360ad,ok,,,,,,
p162,X 4 (1574),raw/Archivio diocesano/X 4 (1574)/IMG20260522094302.jpg,IMG20260522094302.jpg,1037,1843,1.9,838761,554e98c9f052,ok,,,,,,
p163,X 4 (1574),raw/Archivio diocesano/X 4 (1574)/IMG20260522094303.jpg,IMG20260522094303.jpg,1034,1838,1.9,836270,0f3d2f0396de,ok,,,,,,
p164,X 4 (1574),raw/Archivio diocesano/X 4 (1574)/IMG20260522094315.jpg,IMG20260522094315.jpg,1014,1803,1.8,833950,818578b0117a,ok,,,,,,
p165,X 4 (1574),raw/Archivio diocesano/X 4 (1574)/IMG20260522094328.jpg,IMG20260522094328.jpg,1024,1820,1.9,814828,bb1267624d90,ok,,,,,,
p166,X 4 (1574),raw/Archivio diocesano/X 4 (1574)/IMG20260522094352.jpg,IMG20260522094352.jpg,985,1751,1.7,842508,bdbbd0945141,ok,,,,,,
p167,X 4 (1574),raw/Archivio diocesano/X 4 (1574)/IMG20260522094406.jpg,IMG20260522094406.jpg,1118,1987,2.2,772123,9aee4c20a93f,ok,,,,,,
p168,X 4 (1574),raw/Archivio diocesano/X 4 (1574)/IMG20260522094416.jpg,IMG20260522094416.jpg,1014,1803,1.8,851655,80112fc1291e,ok,,,,,,
p169,X 4 (1574),raw/Archivio diocesano/X 4 (1574)/IMG20260522094433.jpg,IMG20260522094433.jpg,1021,1816,1.9,799631,91ad5ec400a1,ok,,,,,,
p170,X 4 (1574),raw/Archivio diocesano/X 4 (1574)/IMG20260522094446.jpg,IMG20260522094446.jpg,1040,1849,1.9,829799,295d9ea5b025,ok,,,,,,
p171,X 4 (1574),raw/Archivio diocesano/X 4 (1574)/IMG20260522094458.jpg,IMG20260522094458.jpg,1099,1954,2.1,770931,3f3a70265d97,ok,,,,,,
p172,X 4 (1574),raw/Archivio diocesano/X 4 (1574)/IMG20260522094507.jpg,IMG20260522094507.jpg,1118,1987,2.2,839321,bde3d1fb0763,ok,,,,,,
p173,X 4 (1574),raw/Archivio diocesano/X 4 (1574)/IMG20260522094533.jpg,IMG20260522094533.jpg,1029,1829,1.9,843872,d0d896cea69c,ok,,,,,,
p174,X 4 (1574),raw/Archivio diocesano/X 4 (1574)/IMG20260522094545.jpg,IMG20260522094545.jpg,1039,1846,1.9,808030,357cc50243cb,ok,,,,,,
p175,X 4 (1574),raw/Archivio diocesano/X 4 (1574)/IMG20260522094605.jpg,IMG20260522094605.jpg,943,1677,1.6,850966,fe446be596c7,ok,,,,,,
p176,X 4 (1574),raw/Archivio diocesano/X 4 (1574)/IMG20260522094623.jpg,IMG20260522094623.jpg,948,1685,1.6,890664,f374af59eb37,ok,,,,,,
p177,X 4 (1574),raw/Archivio diocesano/X 4 (1574)/IMG20260522094632.jpg,IMG20260522094632.jpg,974,1731,1.7,846424,28e8b5dee9c4,ok,,,,,,
p178,X 4 (1574),raw/Archivio diocesano/X 4 (1574)/IMG20260522094642.jpg,IMG20260522094642.jpg,1033,1836,1.9,840854,a56bfad6a958,ok,,,,,,
p179,X 4 (1574),raw/Archivio diocesano/X 4 (1574)/IMG20260522094704.jpg,IMG20260522094704.jpg,1028,1828,1.9,842910,fc37520aa8b5,ok,,,,,,
p180,X 4 (1574),raw/Archivio diocesano/X 4 (1574)/IMG20260522094711.jpg,IMG20260522094711.jpg,1828,1028,1.9,854318,6bd8425af2cb,ok,,,,,,
p181,X 4 (1574),raw/Archivio diocesano/X 4 (1574)/IMG20260522094721.jpg,IMG20260522094721.jpg,974,1731,1.7,868421,27a38ba4ef84,ok,,,,,,
p182,X 4 (1574),raw/Archivio diocesano/X 4 (1574)/IMG20260522094749.jpg,IMG20260522094749.jpg,1031,1833,1.9,834372,1879c3a4f1eb,ok,,,,,,
p183,X 4 (1574),raw/Archivio diocesano/X 4 (1574)/IMG20260522094802.jpg,IMG20260522094802.jpg,1092,1941,2.1,772345,50666b108b3d,ok,,,,,,
p184,X 4 (1574),raw/Archivio diocesano/X 4 (1574)/IMG20260522094814.jpg,IMG20260522094814.jpg,977,1737,1.7,880661,3ff1d1063d1a,ok,,,,,,
p185,X 4 (1574),raw/Archivio diocesano/X 4 (1574)/IMG20260522094836.jpg,IMG20260522094836.jpg,1015,1805,1.8,848138,057b332bafba,ok,,,,,,
p186,X 4 (1574),raw/Archivio diocesano/X 4 (1574)/IMG20260522094850.jpg,IMG20260522094850.jpg,978,1738,1.7,857170,a9cdee8463e3,ok,,,,,,
p187,X 4 (1574),raw/Archivio diocesano/X 4 (1574)/IMG20260522094928.jpg,IMG20260522094928.jpg,1015,1805,1.8,841028,e6c153b19731,ok,,,,,,
p188,X 4 (1574),raw/Archivio diocesano/X 4 (1574)/IMG20260522094941.jpg,IMG20260522094941.jpg,991,1761,1.7,870623,fc2c5f2ef02b,ok,,,,,,
p189,X 4 (1574),raw/Archivio diocesano/X 4 (1574)/IMG20260522094947.jpg,IMG20260522094947.jpg,1135,2018,2.3,801086,e24d6f49311b,ok,,,,,,
p190,X 4 (1574),raw/Archivio diocesano/X 4 (1574)/IMG20260522095000.jpg,IMG20260522095000.jpg,1074,1910,2.1,801713,d09a650768b0,ok,,,,,,
p191,X 4 (1574),raw/Archivio diocesano/X 4 (1574)/IMG20260522095010.jpg,IMG20260522095010.jpg,1010,1795,1.8,848667,863adb271720,ok,,,,,,
p192,X 4 (1574),raw/Archivio diocesano/X 4 (1574)/IMG20260522095024.jpg,IMG20260522095024.jpg,1123,1997,2.2,753926,9adb6434f66c,ok,,,,,,
p193,X 4 (1574),raw/Archivio diocesano/X 4 (1574)/IMG20260522095036.jpg,IMG20260522095036.jpg,1084,1928,2.1,796619,1298753407b4,ok,,,,,,
p194,X 4 (1574),raw/Archivio diocesano/X 4 (1574)/IMG20260522095048.jpg,IMG20260522095048.jpg,1073,1908,2.0,800256,e24858543c86,ok,,,,,,
p195,X 4 (1574),raw/Archivio diocesano/X 4 (1574)/IMG20260522095057.jpg,IMG20260522095057.jpg,1054,1874,2.0,819230,d66a3db25f26,ok,,,,,,
p196,X 4 (1574),raw/Archivio diocesano/X 4 (1574)/IMG20260522095123.jpg,IMG20260522095123.jpg,1028,1827,1.9,842368,8ab8a38fb6c4,ok,,,,,,
p197,X 4 (1574),raw/Archivio diocesano/X 4 (1574)/IMG20260522095133.jpg,IMG20260522095133.jpg,1129,2007,2.3,803221,caea3c48d95c,ok,,,,,,
p198,X 4 (1574),raw/Archivio diocesano/X 4 (1574)/IMG20260522095149.jpg,IMG20260522095149.jpg,1069,1901,2.0,836801,b72761e11290,ok,,,,,,
p199,X 4 (1574),raw/Archivio diocesano/X 4 (1574)/IMG20260522095203.jpg,IMG20260522095203.jpg,1117,1987,2.2,822146,0c493d396960,ok,,,,,,
p200,X 4 (1574),raw/Archivio diocesano/X 4 (1574)/IMG20260522095238.jpg,IMG20260522095238.jpg,1056,1877,2.0,846554,7263558bbcc5,ok,,,,,,
p201,X 4 (1574),raw/Archivio diocesano/X 4 (1574)/IMG20260522095249.jpg,IMG20260522095249.jpg,1055,1876,2.0,826371,f4114d96ecf5,ok,,,,,,
p202,X 4 (1574),raw/Archivio diocesano/X 4 (1574)/IMG20260522095258.jpg,IMG20260522095258.jpg,1071,1903,2.0,829015,daa1d258b6dd,ok,,,,,,
p203,X 4 (1574),raw/Archivio diocesano/X 4 (1574)/IMG20260522095334.jpg,IMG20260522095334.jpg,1019,1812,1.8,821113,2f939d16d148,ok,,,,,,
p204,X 4 (1574),raw/Archivio diocesano/X 4 (1574)/IMG20260522095343.jpg,IMG20260522095343.jpg,1014,1803,1.8,846049,6b53d8ed81fb,ok,,,,,,
p205,X 4 (1574),raw/Archivio diocesano/X 4 (1574)/IMG20260522095408.jpg,IMG20260522095408.jpg,1051,1869,2.0,818311,95cb660fb5da,ok,,,,,,
p206,X 4 (1574),raw/Archivio diocesano/X 4 (1574)/IMG20260522095421.jpg,IMG20260522095421.jpg,1005,1788,1.8,867916,6d5613017d3b,ok,,,,,,
p207,X 4 (1574),raw/Archivio diocesano/X 4 (1574)/IMG20260522095434.jpg,IMG20260522095434.jpg,1076,1912,2.1,803905,02881903a235,ok,,,,,,
p208,X 4 (1574),raw/Archivio diocesano/X 4 (1574)/IMG20260522095449.jpg,IMG20260522095449.jpg,1064,1891,2.0,811505,d57f33e3660c,ok,,,,,,
p209,X 4 (1574),raw/Archivio diocesano/X 4 (1574)/IMG20260522095459.jpg,IMG20260522095459.jpg,1094,1944,2.1,777484,971db0503a76,ok,,,,,,
p210,X 4 (1574),raw/Archivio diocesano/X 4 (1574)/IMG20260522095507.jpg,IMG20260522095507.jpg,1056,1877,2.0,828289,9a5413a3e139,ok,,,,,,
p211,X 4 (1574),raw/Archivio diocesano/X 4 (1574)/IMG20260522095519.jpg,IMG20260522095519.jpg,970,1725,1.7,854614,58a4e2f72994,ok,,,,,,
p212,X 4 (1574),raw/Archivio diocesano/X 4 (1574)/IMG20260522095528.jpg,IMG20260522095528.jpg,956,1699,1.6,854255,1bb9ebd7eedf,ok,,,,,,
p213,X 4 (1574),raw/Archivio diocesano/X 4 (1574)/IMG20260522095540.jpg,IMG20260522095540.jpg,1083,1925,2.1,775639,2f14e7664390,ok,,,,,,
p214,X 4 (1574),raw/Archivio diocesano/X 4 (1574)/IMG20260522095548.jpg,IMG20260522095548.jpg,1073,1907,2.0,823211,ea83e1b73406,ok,,,,,,
p215,X 4 (1574),raw/Archivio diocesano/X 4 (1574)/IMG20260522095621.jpg,IMG20260522095621.jpg,1168,2076,2.4,908253,33c9116a6990,ok,,,,,,
p216,X 4 (1574),raw/Archivio diocesano/X 4 (1574)/IMG20260522095630.jpg,IMG20260522095630.jpg,1014,1802,1.8,839281,615205e02557,ok,,,,,,
p217,X 4 (1574),raw/Archivio diocesano/X 4 (1574)/IMG20260522095640.jpg,IMG20260522095640.jpg,1069,1900,2.0,809189,c3dff7b511bb,ok,,,,,,
p218,X 4 (1574),raw/Archivio diocesano/X 4 (1574)/IMG20260522095648.jpg,IMG20260522095648.jpg,1016,1806,1.8,844823,9419deb25cea,ok,,,,,,
p219,X 4 (1574),raw/Archivio diocesano/X 4 (1574)/IMG20260522095659.jpg,IMG20260522095659.jpg,1089,1936,2.1,800838,1272e795de7b,ok,,,,,,
p220,X 4 (1574),raw/Archivio diocesano/X 4 (1574)/IMG20260522095708.jpg,IMG20260522095708.jpg,1072,1905,2.0,835171,69b9e4a7a8d1,ok,,,,,,
p221,X 4 (1574),raw/Archivio diocesano/X 4 (1574)/IMG20260522095724.jpg,IMG20260522095724.jpg,987,1755,1.7,882682,355710971281,ok,,,,,,
p222,X 4 (1574),raw/Archivio diocesano/X 4 (1574)/IMG20260522095734.jpg,IMG20260522095734.jpg,1030,1831,1.9,847266,66fc8aefa622,ok,,,,,,
p223,X 4 (1574),raw/Archivio diocesano/X 4 (1574)/IMG20260522095742.jpg,IMG20260522095742.jpg,1033,1837,1.9,834304,dbdf4d822d80,ok,,,,,,
p224,X 4 (1574),raw/Archivio diocesano/X 4 (1574)/IMG20260522095754.jpg,IMG20260522095754.jpg,1048,1862,2.0,845948,54bba753fbe1,ok,,,,,,
p225,X 4 (1574),raw/Archivio diocesano/X 4 (1574)/IMG20260522095805.jpg,IMG20260522095805.jpg,1047,1861,1.9,845661,8955c35febbc,ok,,,,,,
p226,X 4 (1574),raw/Archivio diocesano/X 4 (1574)/IMG20260522095813.jpg,IMG20260522095813.jpg,1032,1835,1.9,860175,2188439a58e6,ok,,,,,,
p227,X 4 (1574),raw/Archivio diocesano/X 4 (1574)/IMG20260522095823.jpg,IMG20260522095823.jpg,1067,1898,2.0,826405,3dfdc367bd05,ok,,,,,,
p228,X 4 (1574),raw/Archivio diocesano/X 4 (1574)/IMG20260522095831.jpg,IMG20260522095831.jpg,1064,1892,2.0,835842,a75155209863,ok,,,,,,
p229,X 4 (1574),raw/Archivio diocesano/X 4 (1574)/IMG20260522095842.jpg,IMG20260522095842.jpg,1091,1940,2.1,777504,fe7cc381cac0,ok,,,,,,
p230,X 4 (1574),raw/Archivio diocesano/X 4 (1574)/IMG20260522100120.jpg,IMG20260522100120.jpg,1019,1812,1.8,826730,6ec6909bd643,ok,,,,,,
p231,X 4 (1574),raw/Archivio diocesano/X 4 (1574)/IMG20260522100135.jpg,IMG20260522100135.jpg,1034,1839,1.9,819750,fc1ba6f08c16,ok,,,,,,
p232,X 4 (1574),raw/Archivio diocesano/X 4 (1574)/IMG20260522100144.jpg,IMG20260522100144.jpg,1014,1803,1.8,838167,6aab6f5795cc,ok,,,,,,
p233,X 4 (1574),raw/Archivio diocesano/X 4 (1574)/IMG20260522100154.jpg,IMG20260522100154.jpg,1111,1975,2.2,792835,74b55570c3e8,ok,,,,,,
p234,X 4 (1574),raw/Archivio diocesano/X 4 (1574)/IMG20260522100204.jpg,IMG20260522100204.jpg,1021,1815,1.9,831710,677391981067,ok,,,,,,
p235,X 4 (1574),raw/Archivio diocesano/X 4 (1574)/IMG20260522100216.jpg,IMG20260522100216.jpg,1046,1860,1.9,828857,640cac3e9250,ok,,,,,,
p236,X 4 (1574),raw/Archivio diocesano/X 4 (1574)/IMG20260522100231.jpg,IMG20260522100231.jpg,1003,1782,1.8,848637,9e234065498e,ok,,,,,,
p237,X 4 (1574),raw/Archivio diocesano/X 4 (1574)/IMG20260522100248.jpg,IMG20260522100248.jpg,1069,1901,2.0,798364,7b06aaa831d5,ok,,,,,,
p238,X 4 (1574),raw/Archivio diocesano/X 4 (1574)/IMG20260522100257.jpg,IMG20260522100257.jpg,1061,1886,2.0,803983,715e0e738b8e,ok,,,,,,
p239,X 4 (1574),raw/Archivio diocesano/X 4 (1574)/IMG20260522100321.jpg,IMG20260522100321.jpg,1058,1881,2.0,806318,c2feafd06f03,ok,,,,,,
p240,X 4 (1574),raw/Archivio diocesano/X 4 (1574)/IMG20260522100330.jpg,IMG20260522100330.jpg,1063,1890,2.0,807809,b1bd4c904810,ok,,,,,,
p241,X 4 (1574),raw/Archivio diocesano/X 4 (1574)/IMG20260522100341.jpg,IMG20260522100341.jpg,1049,1865,2.0,820978,0ca66347bb83,ok,,,,,,
p242,X 4 (1574),raw/Archivio diocesano/X 4 (1574)/IMG20260522100341_01.jpg,IMG20260522100341_01.jpg,1227,2181,2.7,862677,1d7298e7407f,ok,,,,,,
p243,X 4 (1574),raw/Archivio diocesano/X 4 (1574)/IMG20260522100350.jpg,IMG20260522100350.jpg,1027,1826,1.9,816359,6c6eff0eff2f,ok,,,,,,
p244,X 4 (1574),raw/Archivio diocesano/X 4 (1574)/IMG20260522100402.jpg,IMG20260522100402.jpg,1045,1857,1.9,823900,82bfde30194b,ok,,,,,,
p245,X 4 (1574),raw/Archivio diocesano/X 4 (1574)/IMG20260522100417.jpg,IMG20260522100417.jpg,1026,1824,1.9,812043,0a6a5c42f558,ok,,,,,,
p246,X 4 (1574),raw/Archivio diocesano/X 4 (1574)/IMG20260522100430.jpg,IMG20260522100430.jpg,1115,1983,2.2,765391,f00a47f22fde,ok,,,,,,
p247,X 4 (1574),raw/Archivio diocesano/X 4 (1574)/IMG20260522100444.jpg,IMG20260522100444.jpg,1007,1791,1.8,836296,39ab545b8228,ok,,,,,,
p248,X 4 (1574),raw/Archivio diocesano/X 4 (1574)/IMG20260522100453.jpg,IMG20260522100453.jpg,1043,1855,1.9,826525,d95507a9cdbd,ok,,,,,,
p249,X 4 (1574),raw/Archivio diocesano/X 4 (1574)/IMG20260522100522.jpg,IMG20260522100522.jpg,1118,1987,2.2,795849,d925274f99c8,ok,,,,,,
p250,X 4 (1574),raw/Archivio diocesano/X 4 (1574)/IMG20260522100531.jpg,IMG20260522100531.jpg,1084,1928,2.1,817442,8f0a429f7eb3,ok,,,,,,
p251,X 4 (1574),raw/Archivio diocesano/X 4 (1574)/IMG20260522100542.jpg,IMG20260522100542.jpg,1010,1795,1.8,850483,fed23964771c,ok,,,,,,
p252,X 4 (1574),raw/Archivio diocesano/X 4 (1574)/IMG20260522100558.jpg,IMG20260522100558.jpg,1010,1796,1.8,831339,e57a3b2aa683,ok,,,,,,
p253,X 4 (1574),raw/Archivio diocesano/X 4 (1574)/IMG20260522100606.jpg,IMG20260522100606.jpg,1088,1934,2.1,824598,529a99d8b25a,ok,,,,,,
p254,X 4 (1574),raw/Archivio diocesano/X 4 (1574)/IMG20260522100617.jpg,IMG20260522100617.jpg,1052,1869,2.0,802536,8883c0869068,ok,,,,,,
p255,X 4 (1574),raw/Archivio diocesano/X 4 (1574)/IMG20260522100627.jpg,IMG20260522100627.jpg,1034,1839,1.9,818323,0c31690f176f,ok,,,,,,
p256,X 4 (1574),raw/Archivio diocesano/X 4 (1574)/IMG20260522100638.jpg,IMG20260522100638.jpg,1045,1858,1.9,823290,0d1b8809a65b,ok,,,,,,
p257,X 4 (1574),raw/Archivio diocesano/X 4 (1574)/IMG20260522100652.jpg,IMG20260522100652.jpg,1041,1850,1.9,825098,1bba45206adb,ok,,,,,,
p258,X 4 (1574),raw/Archivio diocesano/X 4 (1574)/IMG20260522100705.jpg,IMG20260522100705.jpg,1071,1903,2.0,786623,e14d6bdf3f70,ok,,,,,,
p259,X 4 (1574),raw/Archivio diocesano/X 4 (1574)/IMG20260522100712.jpg,IMG20260522100712.jpg,1058,1880,2.0,825796,1b20aaf90c06,ok,,,,,,
p260,X 4 (1574),raw/Archivio diocesano/X 4 (1574)/IMG20260522100729.jpg,IMG20260522100729.jpg,1038,1845,1.9,823084,a2be2b50955b,ok,,,,,,
p261,X 4 (1574),raw/Archivio diocesano/X 4 (1574)/IMG20260522100737.jpg,IMG20260522100737.jpg,1071,1903,2.0,821637,bc4c558bf7a1,ok,,,,,,
p262,X 44 (1583),raw/Archivio diocesano/X 44 (1583)/IMG20260522112400.jpg,IMG20260522112400.jpg,995,1769,1.8,827525,efa7d76298e6,ok,,,,,,
p263,X 44 (1583),raw/Archivio diocesano/X 44 (1583)/IMG20260522112514.jpg,IMG20260522112514.jpg,1133,2015,2.3,787617,b5c6ec32ed4e,ok,,,,,,
p264,X 44 (1583),raw/Archivio diocesano/X 44 (1583)/IMG20260522112527.jpg,IMG20260522112527.jpg,1154,2051,2.4,923714,d190e31a9e6c,ok,,,,,,
p265,X 44 (1583),raw/Archivio diocesano/X 44 (1583)/IMG20260522112534.jpg,IMG20260522112534.jpg,1099,1953,2.1,804700,9fa0824c4c1e,ok,,,,,,
p266,X 44 (1583),raw/Archivio diocesano/X 44 (1583)/IMG20260522112543.jpg,IMG20260522112543.jpg,1112,1976,2.2,802141,21a842903366,ok,,,,,,
p267,X 44 (1583),raw/Archivio diocesano/X 44 (1583)/IMG20260522112548.jpg,IMG20260522112548.jpg,1076,1913,2.1,827070,3478abc69e40,ok,,,,,,
p268,X 44 (1583),raw/Archivio diocesano/X 44 (1583)/IMG20260522112558.jpg,IMG20260522112558.jpg,1117,1985,2.2,804081,1126ca2e100e,ok,,,,,,
p269,X 44 (1583),raw/Archivio diocesano/X 44 (1583)/IMG20260522112602.jpg,IMG20260522112602.jpg,1066,1895,2.0,822818,4847b79aa0f2,ok,,,,,,
p270,X 44 (1583),raw/Archivio diocesano/X 44 (1583)/IMG20260522112612.jpg,IMG20260522112612.jpg,1106,1967,2.2,812354,59ad493fce0f,ok,,,,,,
p271,X 44 (1583),raw/Archivio diocesano/X 44 (1583)/IMG20260522112616.jpg,IMG20260522112616.jpg,1078,1917,2.1,827478,5b1a93469842,ok,,,,,,
p272,X 44 (1583),raw/Archivio diocesano/X 44 (1583)/IMG20260522112625.jpg,IMG20260522112625.jpg,1127,2004,2.3,808375,38110af1af8d,ok,,,,,,
p273,X 44 (1583),raw/Archivio diocesano/X 44 (1583)/IMG20260522112628.jpg,IMG20260522112628.jpg,1070,1902,2.0,826727,e6ca76f20809,ok,,,,,,
p274,X 44 (1583),raw/Archivio diocesano/X 44 (1583)/IMG20260522112638.jpg,IMG20260522112638.jpg,1136,2020,2.3,804423,f8cae09bfe92,ok,,,,,,
p275,X 44 (1583),raw/Archivio diocesano/X 44 (1583)/IMG20260522112642.jpg,IMG20260522112642.jpg,1053,1872,2.0,829179,32e4cf6b4090,ok,,,,,,
p276,X 44 (1583),raw/Archivio diocesano/X 44 (1583)/IMG20260522112650.jpg,IMG20260522112650.jpg,1157,2057,2.4,932802,4b6f7ff5df5a,ok,,,,,,
p277,X 44 (1583),raw/Archivio diocesano/X 44 (1583)/IMG20260522112654.jpg,IMG20260522112654.jpg,1037,1844,1.9,844530,bd2b1a890beb,ok,,,,,,
p278,X 44 (1583),raw/Archivio diocesano/X 44 (1583)/IMG20260522112703.jpg,IMG20260522112703.jpg,1130,2009,2.3,819496,0aec4e36ce2e,ok,,,,,,
p279,X 44 (1583),raw/Archivio diocesano/X 44 (1583)/IMG20260522112706.jpg,IMG20260522112706.jpg,1093,1943,2.1,818136,859dd6900389,ok,,,,,,
p280,X 44 (1583),raw/Archivio diocesano/X 44 (1583)/IMG20260522112719.jpg,IMG20260522112719.jpg,1175,2090,2.5,906525,ab15de143344,ok,,,,,,
p281,X 44 (1583),raw/Archivio diocesano/X 44 (1583)/IMG20260522112722.jpg,IMG20260522112722.jpg,1080,1921,2.1,817940,3312eade9b18,ok,,,,,,
p282,X 44 (1583),raw/Archivio diocesano/X 44 (1583)/IMG20260522112731.jpg,IMG20260522112731.jpg,1186,2109,2.5,901995,6dc0990416dd,ok,,,,,,
p283,X 44 (1583),raw/Archivio diocesano/X 44 (1583)/IMG20260522112734.jpg,IMG20260522112734.jpg,1042,1853,1.9,842133,046db8a9e7a2,ok,,,,,,
p284,X 44 (1583),raw/Archivio diocesano/X 44 (1583)/IMG20260522112744.jpg,IMG20260522112744.jpg,1132,2013,2.3,797701,a03344784b25,ok,,,,,,
p285,X 44 (1583),raw/Archivio diocesano/X 44 (1583)/IMG20260522112747.jpg,IMG20260522112747.jpg,1110,1973,2.2,812047,d93db136e257,ok,,,,,,
p286,X 44 (1583),raw/Archivio diocesano/X 44 (1583)/IMG20260522112755.jpg,IMG20260522112755.jpg,1128,2006,2.3,796559,04693e49b962,ok,,,,,,
p287,X 44 (1583),raw/Archivio diocesano/X 44 (1583)/IMG20260522112759.jpg,IMG20260522112759.jpg,1172,2084,2.4,902765,e6dad3e80a23,ok,,,,,,
p288,X 44 (1583),raw/Archivio diocesano/X 44 (1583)/IMG20260522112807.jpg,IMG20260522112807.jpg,1184,2104,2.5,890386,049f38b53052,ok,,,,,,
p289,X 44 (1583),raw/Archivio diocesano/X 44 (1583)/IMG20260522112810.jpg,IMG20260522112810.jpg,1143,2033,2.3,766801,f401fcb86229,ok,,,,,,
p290,X 44 (1583),raw/Archivio diocesano/X 44 (1583)/IMG20260522112819.jpg,IMG20260522112819.jpg,1156,2055,2.4,902939,f91c5b3fdab6,ok,,,,,,
p291,X 44 (1583),raw/Archivio diocesano/X 44 (1583)/IMG20260522112822.jpg,IMG20260522112822.jpg,1095,1946,2.1,812510,d110557a2bac,ok,,,,,,
p292,X 44 (1583),raw/Archivio diocesano/X 44 (1583)/IMG20260522112831.jpg,IMG20260522112831.jpg,1143,2032,2.3,793284,e237e8791eca,ok,,,,,,
p293,X 44 (1583),raw/Archivio diocesano/X 44 (1583)/IMG20260522112834.jpg,IMG20260522112834.jpg,1177,2093,2.5,894113,a30eb72ba11e,ok,,,,,,
p294,X 44 (1583),raw/Archivio diocesano/X 44 (1583)/IMG20260522112844.jpg,IMG20260522112844.jpg,1136,2020,2.3,796740,c3bfd1751fdf,ok,,,,,,
p295,X 44 (1583),raw/Archivio diocesano/X 44 (1583)/IMG20260522112853.jpg,IMG20260522112853.jpg,1200,2134,2.6,887597,e026c8554c8c,ok,,,,,,
p296,X 44 (1583),raw/Archivio diocesano/X 44 (1583)/IMG20260522112856.jpg,IMG20260522112856.jpg,1098,1951,2.1,806101,367586ff63aa,ok,,,,,,
p297,X 44 (1583),raw/Archivio diocesano/X 44 (1583)/IMG20260522112904.jpg,IMG20260522112904.jpg,1176,2090,2.5,913348,d52eb3d2a2a9,ok,,,,,,
p298,X 44 (1583),raw/Archivio diocesano/X 44 (1583)/IMG20260522112907.jpg,IMG20260522112907.jpg,1079,1918,2.1,829131,68bb7bc318b2,ok,,,,,,
p299,X 44 (1583),raw/Archivio diocesano/X 44 (1583)/IMG20260522112915.jpg,IMG20260522112915.jpg,1143,2032,2.3,791337,e17854815549,ok,,,,,,
p300,X 44 (1583),raw/Archivio diocesano/X 44 (1583)/IMG20260522112918.jpg,IMG20260522112918.jpg,1088,1935,2.1,816503,ae9d1a8be82a,ok,,,,,,
p301,X 44 (1583),raw/Archivio diocesano/X 44 (1583)/IMG20260522112926.jpg,IMG20260522112926.jpg,1104,1963,2.2,826193,3c5b11eb1934,ok,,,,,,
p302,X 44 (1583),raw/Archivio diocesano/X 44 (1583)/IMG20260522112929.jpg,IMG20260522112929.jpg,1074,1910,2.1,844802,0f6a3c2f60e0,ok,,,,,,
p303,X 44 (1583),raw/Archivio diocesano/X 44 (1583)/IMG20260522112937.jpg,IMG20260522112937.jpg,1121,1992,2.2,818576,448e27549e98,ok,,,,,,
p304,X 44 (1583),raw/Archivio diocesano/X 44 (1583)/IMG20260522112941.jpg,IMG20260522112941.jpg,1150,2045,2.4,783891,d75e51c10e0b,ok,,,,,,
p305,X 44 (1583),raw/Archivio diocesano/X 44 (1583)/IMG20260522113031.jpg,IMG20260522113031.jpg,1100,1955,2.2,807815,bbb201d2a119,ok,,,,,,
p306,X 44 (1583),raw/Archivio diocesano/X 44 (1583)/IMG20260522113039.jpg,IMG20260522113039.jpg,1135,2017,2.3,782280,81925ac8e549,ok,,,,,,
p307,X 44 (1583),raw/Archivio diocesano/X 44 (1583)/IMG20260522113042.jpg,IMG20260522113042.jpg,1070,1903,2.0,825577,5dff22b13e14,ok,,,,,,
p308,X 44 (1583),raw/Archivio diocesano/X 44 (1583)/IMG20260522113049.jpg,IMG20260522113049.jpg,1141,2029,2.3,795050,d5f4e8e67307,ok,,,,,,
p309,X 44 (1583),raw/Archivio diocesano/X 44 (1583)/IMG20260522113052.jpg,IMG20260522113052.jpg,1053,1872,2.0,838070,d475b23a0a1f,ok,,,,,,
p310,X 44 (1583),raw/Archivio diocesano/X 44 (1583)/IMG20260522113100.jpg,IMG20260522113100.jpg,1143,2032,2.3,792013,7297f51f4e41,ok,,,,,,
p311,X 44 (1583),raw/Archivio diocesano/X 44 (1583)/IMG20260522113103.jpg,IMG20260522113103.jpg,1045,1858,1.9,853499,3c2c505d5ff2,ok,,,,,,
p312,X 44 (1583),raw/Archivio diocesano/X 44 (1583)/IMG20260522113113.jpg,IMG20260522113113.jpg,1137,2021,2.3,797196,be6cb36457d8,ok,,,,,,
p313,X 44 (1583),raw/Archivio diocesano/X 44 (1583)/IMG20260522113116.jpg,IMG20260522113116.jpg,1045,1858,1.9,850777,5932b919a571,ok,,,,,,
p314,X 44 (1583),raw/Archivio diocesano/X 44 (1583)/IMG20260522113124.jpg,IMG20260522113124.jpg,1137,2021,2.3,799927,b1955cf79594,ok,,,,,,
p315,X 44 (1583),raw/Archivio diocesano/X 44 (1583)/IMG20260522113126.jpg,IMG20260522113126.jpg,1144,2033,2.3,783996,dbf2a0a2cce7,ok,,,,,,
p316,X 44 (1583),raw/Archivio diocesano/X 44 (1583)/IMG20260522113136.jpg,IMG20260522113136.jpg,1144,2034,2.3,772999,2633f4c77e6f,ok,,,,,,
p317,X 44 (1583),raw/Archivio diocesano/X 44 (1583)/IMG20260522113139.jpg,IMG20260522113139.jpg,1130,2009,2.3,795799,825ecea3127e,ok,,,,,,
p318,X 44 (1583),raw/Archivio diocesano/X 44 (1583)/IMG20260522113148.jpg,IMG20260522113148.jpg,1181,2100,2.5,914001,f1c1235c3828,ok,,,,,,
p319,X 44 (1583),raw/Archivio diocesano/X 44 (1583)/IMG20260522113151.jpg,IMG20260522113151.jpg,1076,1912,2.1,816384,09ef6f5c0283,ok,,,,,,
p320,X 44 (1583),raw/Archivio diocesano/X 44 (1583)/IMG20260522113201.jpg,IMG20260522113201.jpg,1189,2113,2.5,903634,c4bb18c836c9,ok,,,,,,
p321,X 44 (1583),raw/Archivio diocesano/X 44 (1583)/IMG20260522113204.jpg,IMG20260522113204.jpg,1097,1950,2.1,809855,795469093907,ok,,,,,,
p322,X 44 (1583),raw/Archivio diocesano/X 44 (1583)/IMG20260522113211.jpg,IMG20260522113211.jpg,962,1710,1.6,655439,9d97365f34b6,ok,,,,,,
p323,X 44 (1583),raw/Archivio diocesano/X 44 (1583)/IMG20260522113214.jpg,IMG20260522113214.jpg,1062,1887,2.0,830572,14f3376b39bd,ok,,,,,,
p324,X 44 (1583),raw/Archivio diocesano/X 44 (1583)/IMG20260522113222.jpg,IMG20260522113222.jpg,1211,2153,2.6,896328,ea8deaec8aba,ok,,,,,,
p325,X 44 (1583),raw/Archivio diocesano/X 44 (1583)/IMG20260522113224.jpg,IMG20260522113224.jpg,1134,2017,2.3,761999,c4d22bb6ef1d,ok,,,,,,
p326,X 44 (1583),raw/Archivio diocesano/X 44 (1583)/IMG20260522113254.jpg,IMG20260522113254.jpg,1980,1114,2.2,806312,13c35a2f4a7d,ok,,,,,,
p327,X 5 (1642-74),raw/Archivio diocesano/X 5 (1642-74)/IMG20260522100843.jpg,IMG20260522100843.jpg,963,1712,1.6,837267,35dc5564c8f0,ok,,,,,,
p328,X 5 (1642-74),raw/Archivio diocesano/X 5 (1642-74)/IMG20260522100920.jpg,IMG20260522100920.jpg,921,1638,1.5,796139,fc5a0d45d3c3,ok,,,,,,
p329,X 5 (1642-74),raw/Archivio diocesano/X 5 (1642-74)/IMG20260522100930.jpg,IMG20260522100930.jpg,1180,2098,2.5,903635,937dadcf3bab,ok,,,,,,
p330,X 5 (1642-74),raw/Archivio diocesano/X 5 (1642-74)/IMG20260522100945.jpg,IMG20260522100945.jpg,984,1749,1.7,868142,3099aecc1425,ok,,,,,,
p331,X 5 (1642-74),raw/Archivio diocesano/X 5 (1642-74)/IMG20260522100955.jpg,IMG20260522100955.jpg,1039,1848,1.9,863567,622b78298d88,ok,,,,,,
p332,X 5 (1642-74),raw/Archivio diocesano/X 5 (1642-74)/IMG20260522101001.jpg,IMG20260522101001.jpg,1019,1812,1.8,855705,d3e146691c2b,ok,,,,,,
p333,X 5 (1642-74),raw/Archivio diocesano/X 5 (1642-74)/IMG20260522101020.jpg,IMG20260522101020.jpg,1168,2076,2.4,911411,be5eb0883397,ok,,,,,,
p334,X 5 (1642-74),raw/Archivio diocesano/X 5 (1642-74)/IMG20260522101027.jpg,IMG20260522101027.jpg,1035,1839,1.9,870057,c8d74be2122a,ok,,,,,,
p335,X 5 (1642-74),raw/Archivio diocesano/X 5 (1642-74)/IMG20260522101038.jpg,IMG20260522101038.jpg,1121,1992,2.2,813702,21d460a4c471,ok,,,,,,
p336,X 5 (1642-74),raw/Archivio diocesano/X 5 (1642-74)/IMG20260522101045.jpg,IMG20260522101045.jpg,1009,1794,1.8,880162,65912f4039d4,ok,,,,,,
p337,X 5 (1642-74),raw/Archivio diocesano/X 5 (1642-74)/IMG20260522101056.jpg,IMG20260522101056.jpg,1088,1934,2.1,844329,0acdef78a51f,ok,,,,,,
p338,X 5 (1642-74),raw/Archivio diocesano/X 5 (1642-74)/IMG20260522101102.jpg,IMG20260522101102.jpg,993,1766,1.8,892832,666707f78bde,ok,,,,,,
p339,X 5 (1642-74),raw/Archivio diocesano/X 5 (1642-74)/IMG20260522101113.jpg,IMG20260522101113.jpg,1032,1835,1.9,841858,37c5377d72db,ok,,,,,,
p340,X 5 (1642-74),raw/Archivio diocesano/X 5 (1642-74)/IMG20260522101120.jpg,IMG20260522101120.jpg,986,1752,1.7,871811,bdcbb9fff05f,ok,,,,,,
p341,X 5 (1642-74),raw/Archivio diocesano/X 5 (1642-74)/IMG20260522101136.jpg,IMG20260522101136.jpg,1049,1864,2.0,863835,07a3de00c126,ok,,,,,,
p342,X 5 (1642-74),raw/Archivio diocesano/X 5 (1642-74)/IMG20260522101142.jpg,IMG20260522101142.jpg,1008,1793,1.8,868498,944816323d93,ok,,,,,,
p343,X 5 (1642-74),raw/Archivio diocesano/X 5 (1642-74)/IMG20260522101244.jpg,IMG20260522101244.jpg,1102,1958,2.2,810414,dcfd82f2fe02,ok,,,,,,
p344,X 5 (1642-74),raw/Archivio diocesano/X 5 (1642-74)/IMG20260522101250.jpg,IMG20260522101250.jpg,1030,1832,1.9,840194,4e95f51c995e,ok,,,,,,
p345,X 5 (1642-74),raw/Archivio diocesano/X 5 (1642-74)/IMG20260522101256.jpg,IMG20260522101256.jpg,1004,1784,1.8,828505,f6d7acd2e7b1,ok,,,,,,
p346,X 5 (1642-74),raw/Archivio diocesano/X 5 (1642-74)/IMG20260522101259.jpg,IMG20260522101259.jpg,1044,1857,1.9,845319,74ca071a3ced,ok,,,,,,
p347,X 5 (1642-74),raw/Archivio diocesano/X 5 (1642-74)/IMG20260522101304.jpg,IMG20260522101304.jpg,992,1764,1.7,827074,e06ad4672741,ok,,,,,,
p348,X 5 (1642-74),raw/Archivio diocesano/X 5 (1642-74)/IMG20260522101307.jpg,IMG20260522101307.jpg,1066,1895,2.0,837115,ed7346c1060f,ok,,,,,,
p349,X 5 (1642-74),raw/Archivio diocesano/X 5 (1642-74)/IMG20260522101314.jpg,IMG20260522101314.jpg,1004,1786,1.8,817779,1312568f7529,ok,,,,,,
p350,X 5 (1642-74),raw/Archivio diocesano/X 5 (1642-74)/IMG20260522101318.jpg,IMG20260522101318.jpg,996,1770,1.8,848655,0c6a87172dc9,ok,,,,,,
p351,X 5 (1642-74),raw/Archivio diocesano/X 5 (1642-74)/IMG20260522101323.jpg,IMG20260522101323.jpg,1006,1788,1.8,837358,d1e05792ccd4,ok,,,,,,
p352,X 5 (1642-74),raw/Archivio diocesano/X 5 (1642-74)/IMG20260522101333.jpg,IMG20260522101333.jpg,1061,1886,2.0,813531,c897e1e51863,ok,,,,,,
p353,X 5 (1642-74),raw/Archivio diocesano/X 5 (1642-74)/IMG20260522101341.jpg,IMG20260522101341.jpg,1040,1849,1.9,859684,f98795bf7a03,ok,,,,,,
p354,X 5 (1642-74),raw/Archivio diocesano/X 5 (1642-74)/IMG20260522101348.jpg,IMG20260522101348.jpg,1008,1792,1.8,823457,741d3537096e,ok,,,,,,
p355,X 51,raw/Archivio diocesano/X 51/IMG20260522105125.jpg,IMG20260522105125.jpg,1122,1994,2.2,737275,4c5d145f3551,ok,,,,,,
p356,X 51,raw/Archivio diocesano/X 51/IMG20260522105132.jpg,IMG20260522105132.jpg,1131,2011,2.3,711835,000a098dcfab,ok,,,,,,
p357,X 51,raw/Archivio diocesano/X 51/IMG20260522105144.jpg,IMG20260522105144.jpg,994,1768,1.8,836765,e5c92aae14bb,ok,,,,,,
p358,X 51,raw/Archivio diocesano/X 51/IMG20260522105155.jpg,IMG20260522105155.jpg,1008,1791,1.8,831084,e875e602def5,ok,,,,,,
p359,X 51,raw/Archivio diocesano/X 51/IMG20260522105546.jpg,IMG20260522105546.jpg,2133,1200,2.6,880577,971c45624c97,ok,,,,,,
