page_id,photo_id,side,register,cropped,src,kept_pct
p001,p001,single,Stato delle anime di Turate,processed/cropped/turate/p001.jpg,raw/Archivio diocesano/Stato delle anime di Turate/stato delle anime Turate 1679 - pagina 1.jpeg,33.6
p002a,p002,a,Stato delle anime di Turate,processed/cropped/turate/p002a.jpg,raw/Archivio diocesano/Stato delle anime di Turate/stato delle anime Turate 1679 - pagina 10.jpeg,47.0
p002b,p002,b,Stato delle anime di Turate,processed/cropped/turate/p002b.jpg,raw/Archivio diocesano/Stato delle anime di Turate/stato delle anime Turate 1679 - pagina 10.jpeg,34.1
p003a,p003,a,Stato delle anime di Turate,processed/cropped/turate/p003a.jpg,raw/Archivio diocesano/Stato delle anime di Turate/stato delle anime Turate 1679 - pagina 11.jpeg,35.7
p003b,p003,b,Stato delle anime di Turate,processed/cropped/turate/p003b.jpg,raw/Archivio diocesano/Stato delle anime di Turate/stato delle anime Turate 1679 - pagina 11.jpeg,37.8
p004a,p004,a,Stato delle anime di Turate,processed/cropped/turate/p004a.jpg,raw/Archivio diocesano/Stato delle anime di Turate/stato delle anime Turate 1679 - pagina 12.jpeg,34.0
p004b,p004,b,Stato delle anime di Turate,processed/cropped/turate/p004b.jpg,raw/Archivio diocesano/Stato delle anime di Turate/stato delle anime Turate 1679 - pagina 12.jpeg,28.6
p005a,p005,a,Stato delle anime di Turate,processed/cropped/turate/p005a.jpg,raw/Archivio diocesano/Stato delle anime di Turate/stato delle anime Turate 1679 - pagina 13.jpeg,33.2
p005b,p005,b,Stato delle anime di Turate,processed/cropped/turate/p005b.jpg,raw/Archivio diocesano/Stato delle anime di Turate/stato delle anime Turate 1679 - pagina 13.jpeg,28.7
p006a,p006,a,Stato delle anime di Turate,processed/cropped/turate/p006a.jpg,raw/Archivio diocesano/Stato delle anime di Turate/stato delle anime Turate 1679 - pagina 14.jpeg,37.3
p006b,p006,b,Stato delle anime di Turate,processed/cropped/turate/p006b.jpg,raw/Archivio diocesano/Stato delle anime di Turate/stato delle anime Turate 1679 - pagina 14.jpeg,34.2
p007a,p007,a,Stato delle anime di Turate,processed/cropped/turate/p007a.jpg,raw/Archivio diocesano/Stato delle anime di Turate/stato delle anime Turate 1679 - pagina 15.jpeg,32.3
p007b,p007,b,Stato delle anime di Turate,processed/cropped/turate/p007b.jpg,raw/Archivio diocesano/Stato delle anime di Turate/stato delle anime Turate 1679 - pagina 15.jpeg,24.6
p008a,p008,a,Stato delle anime di Turate,processed/cropped/turate/p008a.jpg,raw/Archivio diocesano/Stato delle anime di Turate/stato delle anime Turate 1679 - pagina 16.jpeg,35.8
p008b,p008,b,Stato delle anime di Turate,processed/cropped/turate/p008b.jpg,raw/Archivio diocesano/Stato delle anime di Turate/stato delle anime Turate 1679 - pagina 16.jpeg,36.0
p009a,p009,a,Stato delle anime di Turate,processed/cropped/turate/p009a.jpg,raw/Archivio diocesano/Stato delle anime di Turate/stato delle anime Turate 1679 - pagina 17.jpeg,36.1
p009b,p009,b,Stato delle anime di Turate,processed/cropped/turate/p009b.jpg,raw/Archivio diocesano/Stato delle anime di Turate/stato delle anime Turate 1679 - pagina 17.jpeg,34.3
p010a,p010,a,Stato delle anime di Turate,processed/cropped/turate/p010a.jpg,raw/Archivio diocesano/Stato delle anime di Turate/stato delle anime Turate 1679 - pagina 2.jpeg,34.6
p010b,p010,b,Stato delle anime di Turate,processed/cropped/turate/p010b.jpg,raw/Archivio diocesano/Stato delle anime di Turate/stato delle anime Turate 1679 - pagina 2.jpeg,31.1
p011a,p011,a,Stato delle anime di Turate,processed/cropped/turate/p011a.jpg,raw/Archivio diocesano/Stato delle anime di Turate/stato delle anime Turate 1679 - pagina 20.jpeg,34.6
p011b,p011,b,Stato delle anime di Turate,processed/cropped/turate/p011b.jpg,raw/Archivio diocesano/Stato delle anime di Turate/stato delle anime Turate 1679 - pagina 20.jpeg,29.2
p012a,p012,a,Stato delle anime di Turate,processed/cropped/turate/p012a.jpg,raw/Archivio diocesano/Stato delle anime di Turate/stato delle anime Turate 1679 - pagina 21.jpeg,38.7
p012b,p012,b,Stato delle anime di Turate,processed/cropped/turate/p012b.jpg,raw/Archivio diocesano/Stato delle anime di Turate/stato delle anime Turate 1679 - pagina 21.jpeg,35.2
p013a,p013,a,Stato delle anime di Turate,processed/cropped/turate/p013a.jpg,raw/Archivio diocesano/Stato delle anime di Turate/stato delle anime Turate 1679 - pagina 22.jpeg,34.6
p013b,p013,b,Stato delle anime di Turate,processed/cropped/turate/p013b.jpg,raw/Archivio diocesano/Stato delle anime di Turate/stato delle anime Turate 1679 - pagina 22.jpeg,33.1
p014a,p014,a,Stato delle anime di Turate,processed/cropped/turate/p014a.jpg,raw/Archivio diocesano/Stato delle anime di Turate/stato delle anime Turate 1679 - pagina 23.jpeg,28.4
p014b,p014,b,Stato delle anime di Turate,processed/cropped/turate/p014b.jpg,raw/Archivio diocesano/Stato delle anime di Turate/stato delle anime Turate 1679 - pagina 23.jpeg,27.0
p015a,p015,a,Stato delle anime di Turate,processed/cropped/turate/p015a.jpg,raw/Archivio diocesano/Stato delle anime di Turate/stato delle anime Turate 1679 - pagina 24.jpeg,29.5
p015b,p015,b,Stato delle anime di Turate,processed/cropped/turate/p015b.jpg,raw/Archivio diocesano/Stato delle anime di Turate/stato delle anime Turate 1679 - pagina 24.jpeg,33.0
p016a,p016,a,Stato delle anime di Turate,processed/cropped/turate/p016a.jpg,raw/Archivio diocesano/Stato delle anime di Turate/stato delle anime Turate 1679 - pagina 25.jpeg,39.2
p016b,p016,b,Stato delle anime di Turate,processed/cropped/turate/p016b.jpg,raw/Archivio diocesano/Stato delle anime di Turate/stato delle anime Turate 1679 - pagina 25.jpeg,24.4
p017,p017,single,Stato delle anime di Turate,processed/cropped/turate/p017.jpg,raw/Archivio diocesano/Stato delle anime di Turate/stato delle anime Turate 1679 - pagina 26.jpeg,28.8
p018a,p018,a,Stato delle anime di Turate,processed/cropped/turate/p018a.jpg,raw/Archivio diocesano/Stato delle anime di Turate/stato delle anime Turate 1679 - pagina 3.jpeg,31.1
p018b,p018,b,Stato delle anime di Turate,processed/cropped/turate/p018b.jpg,raw/Archivio diocesano/Stato delle anime di Turate/stato delle anime Turate 1679 - pagina 3.jpeg,29.2
p019a,p019,a,Stato delle anime di Turate,processed/cropped/turate/p019a.jpg,raw/Archivio diocesano/Stato delle anime di Turate/stato delle anime Turate 1679 - pagina 4.jpeg,35.9
p019b,p019,b,Stato delle anime di Turate,processed/cropped/turate/p019b.jpg,raw/Archivio diocesano/Stato delle anime di Turate/stato delle anime Turate 1679 - pagina 4.jpeg,28.9
p020a,p020,a,Stato delle anime di Turate,processed/cropped/turate/p020a.jpg,raw/Archivio diocesano/Stato delle anime di Turate/stato delle anime Turate 1679 - pagina 5.jpeg,35.1
p020b,p020,b,Stato delle anime di Turate,processed/cropped/turate/p020b.jpg,raw/Archivio diocesano/Stato delle anime di Turate/stato delle anime Turate 1679 - pagina 5.jpeg,29.1
p021a,p021,a,Stato delle anime di Turate,processed/cropped/turate/p021a.jpg,raw/Archivio diocesano/Stato delle anime di Turate/stato delle anime Turate 1679 - pagina 6.jpeg,33.8
p021b,p021,b,Stato delle anime di Turate,processed/cropped/turate/p021b.jpg,raw/Archivio diocesano/Stato delle anime di Turate/stato delle anime Turate 1679 - pagina 6.jpeg,34.9
p022a,p022,a,Stato delle anime di Turate,processed/cropped/turate/p022a.jpg,raw/Archivio diocesano/Stato delle anime di Turate/stato delle anime Turate 1679 - pagina 7.jpeg,36.5
p022b,p022,b,Stato delle anime di Turate,processed/cropped/turate/p022b.jpg,raw/Archivio diocesano/Stato delle anime di Turate/stato delle anime Turate 1679 - pagina 7.jpeg,37.2
p023a,p023,a,Stato delle anime di Turate,processed/cropped/turate/p023a.jpg,raw/Archivio diocesano/Stato delle anime di Turate/stato delle anime Turate 1679 - pagina 8.jpeg,42.7
p023b,p023,b,Stato delle anime di Turate,processed/cropped/turate/p023b.jpg,raw/Archivio diocesano/Stato delle anime di Turate/stato delle anime Turate 1679 - pagina 8.jpeg,35.2
p024a,p024,a,Stato delle anime di Turate,processed/cropped/turate/p024a.jpg,raw/Archivio diocesano/Stato delle anime di Turate/stato delle anime Turate 1679 - pagina 9.jpeg,29.2
p024b,p024,b,Stato delle anime di Turate,processed/cropped/turate/p024b.jpg,raw/Archivio diocesano/Stato delle anime di Turate/stato delle anime Turate 1679 - pagina 9.jpeg,32.8
p025,p025,single,X 18 (1570-79),processed/cropped/x-18-1570-79/p025.jpg,raw/Archivio diocesano/X 18 (1570-79)/IMG20260522101428.jpg,89.7
p026,p026,single,X 18 (1570-79),processed/cropped/x-18-1570-79/p026.jpg,raw/Archivio diocesano/X 18 (1570-79)/IMG20260522101433.jpg,88.1
p027,p027,single,X 18 (1570-79),processed/cropped/x-18-1570-79/p027.jpg,raw/Archivio diocesano/X 18 (1570-79)/IMG20260522101448.jpg,85.3
p028,p028,single,X 18 (1570-79),processed/cropped/x-18-1570-79/p028.jpg,raw/Archivio diocesano/X 18 (1570-79)/IMG20260522101456.jpg,85.1
p029,p029,single,X 18 (1570-79),processed/cropped/x-18-1570-79/p029.jpg,raw/Archivio diocesano/X 18 (1570-79)/IMG20260522101508.jpg,100.0
p030,p030,single,X 18 (1570-79),processed/cropped/x-18-1570-79/p030.jpg,raw/Archivio diocesano/X 18 (1570-79)/IMG20260522101512.jpg,80.3
p031,p031,single,X 18 (1570-79),processed/cropped/x-18-1570-79/p031.jpg,raw/Archivio diocesano/X 18 (1570-79)/IMG20260522101521.jpg,86.4
p032,p032,single,X 18 (1570-79),processed/cropped/x-18-1570-79/p032.jpg,raw/Archivio diocesano/X 18 (1570-79)/IMG20260522101524.jpg,78.0
p033,p033,single,X 18 (1570-79),processed/cropped/x-18-1570-79/p033.jpg,raw/Archivio diocesano/X 18 (1570-79)/IMG20260522101547.jpg,87.3
p034,p034,single,X 18 (1570-79),processed/cropped/x-18-1570-79/p034.jpg,raw/Archivio diocesano/X 18 (1570-79)/IMG20260522101553.jpg,79.4
p035,p035,single,X 18 (1570-79),processed/cropped/x-18-1570-79/p035.jpg,raw/Archivio diocesano/X 18 (1570-79)/IMG20260522101602.jpg,100.0
p036,p036,single,X 18 (1570-79),processed/cropped/x-18-1570-79/p036.jpg,raw/Archivio diocesano/X 18 (1570-79)/IMG20260522101609.jpg,78.9
p037,p037,single,X 18 (1570-79),processed/cropped/x-18-1570-79/p037.jpg,raw/Archivio diocesano/X 18 (1570-79)/IMG20260522101618.jpg,94.0
p038,p038,single,X 18 (1570-79),processed/cropped/x-18-1570-79/p038.jpg,raw/Archivio diocesano/X 18 (1570-79)/IMG20260522101623.jpg,58.3
p039,p039,single,X 18 (1570-79),processed/cropped/x-18-1570-79/p039.jpg,raw/Archivio diocesano/X 18 (1570-79)/IMG20260522101635.jpg,100.0
p040,p040,single,X 18 (1570-79),processed/cropped/x-18-1570-79/p040.jpg,raw/Archivio diocesano/X 18 (1570-79)/IMG20260522101646.jpg,87.5
p041,p041,single,X 18 (1570-79),processed/cropped/x-18-1570-79/p041.jpg,raw/Archivio diocesano/X 18 (1570-79)/IMG20260522101658.jpg,94.4
p042,p042,single,X 18 (1570-79),processed/cropped/x-18-1570-79/p042.jpg,raw/Archivio diocesano/X 18 (1570-79)/IMG20260522101704.jpg,78.7
p043,p043,single,X 18 (1570-79),processed/cropped/x-18-1570-79/p043.jpg,raw/Archivio diocesano/X 18 (1570-79)/IMG20260522101713.jpg,90.3
p044,p044,single,X 18 (1570-79),processed/cropped/x-18-1570-79/p044.jpg,raw/Archivio diocesano/X 18 (1570-79)/IMG20260522101735.jpg,90.2
p045,p045,single,X 18 (1570-79),processed/cropped/x-18-1570-79/p045.jpg,raw/Archivio diocesano/X 18 (1570-79)/IMG20260522101739.jpg,52.2
p046,p046,single,X 18 (1570-79),processed/cropped/x-18-1570-79/p046.jpg,raw/Archivio diocesano/X 18 (1570-79)/IMG20260522101745.jpg,83.9
p047,p047,single,X 18 (1570-79),processed/cropped/x-18-1570-79/p047.jpg,raw/Archivio diocesano/X 18 (1570-79)/IMG20260522101757.jpg,81.4
p048,p048,single,X 18 (1570-79),processed/cropped/x-18-1570-79/p048.jpg,raw/Archivio diocesano/X 18 (1570-79)/IMG20260522101809.jpg,85.1
p049,p049,single,X 18 (1570-79),processed/cropped/x-18-1570-79/p049.jpg,raw/Archivio diocesano/X 18 (1570-79)/IMG20260522101815.jpg,84.2
p050,p050,single,X 18 (1570-79),processed/cropped/x-18-1570-79/p050.jpg,raw/Archivio diocesano/X 18 (1570-79)/IMG20260522101828.jpg,95.3
p051a,p051,a,X 18 (1570-79),processed/cropped/x-18-1570-79/p051a.jpg,raw/Archivio diocesano/X 18 (1570-79)/IMG20260522101833.jpg,53.1
p051b,p051,b,X 18 (1570-79),processed/cropped/x-18-1570-79/p051b.jpg,raw/Archivio diocesano/X 18 (1570-79)/IMG20260522101833.jpg,27.6
p052,p052,single,X 18 (1570-79),processed/cropped/x-18-1570-79/p052.jpg,raw/Archivio diocesano/X 18 (1570-79)/IMG20260522101844.jpg,92.8
p053,p053,single,X 18 (1570-79),processed/cropped/x-18-1570-79/p053.jpg,raw/Archivio diocesano/X 18 (1570-79)/IMG20260522101905.jpg,83.7
p054,p054,single,X 18 (1570-79),processed/cropped/x-18-1570-79/p054.jpg,raw/Archivio diocesano/X 18 (1570-79)/IMG20260522101915.jpg,85.3
p055,p055,single,X 18 (1570-79),processed/cropped/x-18-1570-79/p055.jpg,raw/Archivio diocesano/X 18 (1570-79)/IMG20260522101921.jpg,89.4
p056,p056,single,X 18 (1570-79),processed/cropped/x-18-1570-79/p056.jpg,raw/Archivio diocesano/X 18 (1570-79)/IMG20260522101928.jpg,81.7
p057,p057,single,X 18 (1570-79),processed/cropped/x-18-1570-79/p057.jpg,raw/Archivio diocesano/X 18 (1570-79)/IMG20260522101940.jpg,97.7
p058,p058,single,X 18 (1570-79),processed/cropped/x-18-1570-79/p058.jpg,raw/Archivio diocesano/X 18 (1570-79)/IMG20260522101946.jpg,79.0
p059,p059,single,X 18 (1570-79),processed/cropped/x-18-1570-79/p059.jpg,raw/Archivio diocesano/X 18 (1570-79)/IMG20260522102033.jpg,83.5
p060,p060,single,X 18 (1570-79),processed/cropped/x-18-1570-79/p060.jpg,raw/Archivio diocesano/X 18 (1570-79)/IMG20260522102044.jpg,87.0
p061,p061,single,X 18 (1570-79),processed/cropped/x-18-1570-79/p061.jpg,raw/Archivio diocesano/X 18 (1570-79)/IMG20260522102049.jpg,67.6
p062,p062,single,X 18 (1570-79),processed/cropped/x-18-1570-79/p062.jpg,raw/Archivio diocesano/X 18 (1570-79)/IMG20260522102059.jpg,87.4
p063,p063,single,X 18 (1570-79),processed/cropped/x-18-1570-79/p063.jpg,raw/Archivio diocesano/X 18 (1570-79)/IMG20260522102104.jpg,76.4
p064,p064,single,X 18 (1570-79),processed/cropped/x-18-1570-79/p064.jpg,raw/Archivio diocesano/X 18 (1570-79)/IMG20260522102115.jpg,89.6
p065,p065,single,X 18 (1570-79),processed/cropped/x-18-1570-79/p065.jpg,raw/Archivio diocesano/X 18 (1570-79)/IMG20260522102134.jpg,76.5
p066,p066,single,X 18 (1570-79),processed/cropped/x-18-1570-79/p066.jpg,raw/Archivio diocesano/X 18 (1570-79)/IMG20260522102158.jpg,94.2
p067,p067,single,X 18 (1570-79),processed/cropped/x-18-1570-79/p067.jpg,raw/Archivio diocesano/X 18 (1570-79)/IMG20260522102204.jpg,83.9
p068,p068,single,X 18 (1570-79),processed/cropped/x-18-1570-79/p068.jpg,raw/Archivio diocesano/X 18 (1570-79)/IMG20260522102204_01.jpg,85.6
p069,p069,single,X 18 (1570-79),processed/cropped/x-18-1570-79/p069.jpg,raw/Archivio diocesano/X 18 (1570-79)/IMG20260522102213.jpg,90.1
p070,p070,single,X 18 (1570-79),processed/cropped/x-18-1570-79/p070.jpg,raw/Archivio diocesano/X 18 (1570-79)/IMG20260522102218.jpg,83.7
p071,p071,single,X 18 (1570-79),processed/cropped/x-18-1570-79/p071.jpg,raw/Archivio diocesano/X 18 (1570-79)/IMG20260522102228.jpg,27.2
p072,p072,single,X 18 (1570-79),processed/cropped/x-18-1570-79/p072.jpg,raw/Archivio diocesano/X 18 (1570-79)/IMG20260522102238.jpg,73.7
p073,p073,single,X 18 (1570-79),processed/cropped/x-18-1570-79/p073.jpg,raw/Archivio diocesano/X 18 (1570-79)/IMG20260522102253.jpg,94.5
p074,p074,single,X 18 (1570-79),processed/cropped/x-18-1570-79/p074.jpg,raw/Archivio diocesano/X 18 (1570-79)/IMG20260522102259.jpg,73.4
p075,p075,single,X 18 (1570-79),processed/cropped/x-18-1570-79/p075.jpg,raw/Archivio diocesano/X 18 (1570-79)/IMG20260522102311.jpg,89.0
p076,p076,single,X 18 (1570-79),processed/cropped/x-18-1570-79/p076.jpg,raw/Archivio diocesano/X 18 (1570-79)/IMG20260522102317.jpg,54.3
p077,p077,single,X 18 (1570-79),processed/cropped/x-18-1570-79/p077.jpg,raw/Archivio diocesano/X 18 (1570-79)/IMG20260522102332.jpg,57.4
p078a,p078,a,X 18 (1570-79),processed/cropped/x-18-1570-79/p078a.jpg,raw/Archivio diocesano/X 18 (1570-79)/IMG20260522102340.jpg,54.8
p078b,p078,b,X 18 (1570-79),processed/cropped/x-18-1570-79/p078b.jpg,raw/Archivio diocesano/X 18 (1570-79)/IMG20260522102340.jpg,34.8
p079,p079,single,X 18 (1570-79),processed/cropped/x-18-1570-79/p079.jpg,raw/Archivio diocesano/X 18 (1570-79)/IMG20260522102545.jpg,86.5
p080,p080,single,X 18 (1570-79),processed/cropped/x-18-1570-79/p080.jpg,raw/Archivio diocesano/X 18 (1570-79)/IMG20260522102610.jpg,79.3
p081,p081,single,X 18 (1570-79),processed/cropped/x-18-1570-79/p081.jpg,raw/Archivio diocesano/X 18 (1570-79)/IMG20260522102616.jpg,90.7
p082,p082,single,X 18 (1570-79),processed/cropped/x-18-1570-79/p082.jpg,raw/Archivio diocesano/X 18 (1570-79)/IMG20260522102630.jpg,83.3
p083,p083,single,X 18 (1570-79),processed/cropped/x-18-1570-79/p083.jpg,raw/Archivio diocesano/X 18 (1570-79)/IMG20260522102635.jpg,73.6
p084,p084,single,X 18 (1570-79),processed/cropped/x-18-1570-79/p084.jpg,raw/Archivio diocesano/X 18 (1570-79)/IMG20260522102643.jpg,76.1
p085,p085,single,X 18 (1570-79),processed/cropped/x-18-1570-79/p085.jpg,raw/Archivio diocesano/X 18 (1570-79)/IMG20260522102651.jpg,56.6
p086,p086,single,X 18 (1570-79),processed/cropped/x-18-1570-79/p086.jpg,raw/Archivio diocesano/X 18 (1570-79)/IMG20260522102701.jpg,82.4
p087,p087,single,X 18 (1570-79),processed/cropped/x-18-1570-79/p087.jpg,raw/Archivio diocesano/X 18 (1570-79)/IMG20260522102708.jpg,69.4
p088,p088,single,X 18 (1570-79),processed/cropped/x-18-1570-79/p088.jpg,raw/Archivio diocesano/X 18 (1570-79)/IMG20260522102715.jpg,81.9
p089,p089,single,X 18 (1570-79),processed/cropped/x-18-1570-79/p089.jpg,raw/Archivio diocesano/X 18 (1570-79)/IMG20260522102723.jpg,55.6
p090,p090,single,X 18 (1570-79),processed/cropped/x-18-1570-79/p090.jpg,raw/Archivio diocesano/X 18 (1570-79)/IMG20260522102733.jpg,78.0
p091,p091,single,X 18 (1570-79),processed/cropped/x-18-1570-79/p091.jpg,raw/Archivio diocesano/X 18 (1570-79)/IMG20260522102739.jpg,81.2
p092,p092,single,X 18 (1570-79),processed/cropped/x-18-1570-79/p092.jpg,raw/Archivio diocesano/X 18 (1570-79)/IMG20260522102747.jpg,81.9
p093,p093,single,X 18 (1570-79),processed/cropped/x-18-1570-79/p093.jpg,raw/Archivio diocesano/X 18 (1570-79)/IMG20260522102753.jpg,56.9
p094,p094,single,X 18 (1570-79),processed/cropped/x-18-1570-79/p094.jpg,raw/Archivio diocesano/X 18 (1570-79)/IMG20260522102800.jpg,66.7
p095,p095,single,X 18 (1570-79),processed/cropped/x-18-1570-79/p095.jpg,raw/Archivio diocesano/X 18 (1570-79)/IMG20260522102805.jpg,68.2
p096,p096,single,X 18 (1570-79),processed/cropped/x-18-1570-79/p096.jpg,raw/Archivio diocesano/X 18 (1570-79)/IMG20260522102814.jpg,74.7
p097,p097,single,X 18 (1570-79),processed/cropped/x-18-1570-79/p097.jpg,raw/Archivio diocesano/X 18 (1570-79)/IMG20260522102819.jpg,80.0
p098,p098,single,X 18 (1570-79),processed/cropped/x-18-1570-79/p098.jpg,raw/Archivio diocesano/X 18 (1570-79)/IMG20260522102828.jpg,84.6
p099,p099,single,X 18 (1570-79),processed/cropped/x-18-1570-79/p099.jpg,raw/Archivio diocesano/X 18 (1570-79)/IMG20260522102833.jpg,81.0
p100,p100,single,X 18 (1570-79),processed/cropped/x-18-1570-79/p100.jpg,raw/Archivio diocesano/X 18 (1570-79)/IMG20260522102844.jpg,91.8
p101,p101,single,X 18 (1570-79),processed/cropped/x-18-1570-79/p101.jpg,raw/Archivio diocesano/X 18 (1570-79)/IMG20260522102849.jpg,69.4
p102,p102,single,X 18 (1570-79),processed/cropped/x-18-1570-79/p102.jpg,raw/Archivio diocesano/X 18 (1570-79)/IMG20260522102857.jpg,87.1
p103,p103,single,X 18 (1570-79),processed/cropped/x-18-1570-79/p103.jpg,raw/Archivio diocesano/X 18 (1570-79)/IMG20260522102902.jpg,69.8
p104,p104,single,X 18 (1570-79),processed/cropped/x-18-1570-79/p104.jpg,raw/Archivio diocesano/X 18 (1570-79)/IMG20260522102928.jpg,70.3
p105,p105,single,X 18 (1570-79),processed/cropped/x-18-1570-79/p105.jpg,raw/Archivio diocesano/X 18 (1570-79)/IMG20260522102933.jpg,64.2
p106,p106,single,X 18 (1570-79),processed/cropped/x-18-1570-79/p106.jpg,raw/Archivio diocesano/X 18 (1570-79)/IMG20260522102940.jpg,74.5
p107,p107,single,X 18 (1570-79),processed/cropped/x-18-1570-79/p107.jpg,raw/Archivio diocesano/X 18 (1570-79)/IMG20260522102946.jpg,61.3
p108,p108,single,X 18 (1570-79),processed/cropped/x-18-1570-79/p108.jpg,raw/Archivio diocesano/X 18 (1570-79)/IMG20260522102953.jpg,78.1
p109,p109,single,X 18 (1570-79),processed/cropped/x-18-1570-79/p109.jpg,raw/Archivio diocesano/X 18 (1570-79)/IMG20260522102958.jpg,58.6
p110,p110,single,X 18 (1570-79),processed/cropped/x-18-1570-79/p110.jpg,raw/Archivio diocesano/X 18 (1570-79)/IMG20260522103008.jpg,83.7
p111,p111,single,X 18 (1570-79),processed/cropped/x-18-1570-79/p111.jpg,raw/Archivio diocesano/X 18 (1570-79)/IMG20260522103013.jpg,53.7
p112,p112,single,X 18 (1570-79),processed/cropped/x-18-1570-79/p112.jpg,raw/Archivio diocesano/X 18 (1570-79)/IMG20260522103020.jpg,67.4
p113,p113,single,X 18 (1570-79),processed/cropped/x-18-1570-79/p113.jpg,raw/Archivio diocesano/X 18 (1570-79)/IMG20260522103025.jpg,49.0
p114,p114,single,X 18 (1570-79),processed/cropped/x-18-1570-79/p114.jpg,raw/Archivio diocesano/X 18 (1570-79)/IMG20260522103031.jpg,72.7
p115,p115,single,X 18 (1570-79),processed/cropped/x-18-1570-79/p115.jpg,raw/Archivio diocesano/X 18 (1570-79)/IMG20260522103036.jpg,62.8
p116,p116,single,X 18 (1570-79),processed/cropped/x-18-1570-79/p116.jpg,raw/Archivio diocesano/X 18 (1570-79)/IMG20260522103044.jpg,81.1
p117,p117,single,X 18 (1570-79),processed/cropped/x-18-1570-79/p117.jpg,raw/Archivio diocesano/X 18 (1570-79)/IMG20260522103048.jpg,59.6
p118,p118,single,X 18 (1570-79),processed/cropped/x-18-1570-79/p118.jpg,raw/Archivio diocesano/X 18 (1570-79)/IMG20260522103330.jpg,70.0
p119,p119,single,X 18 (1570-79),processed/cropped/x-18-1570-79/p119.jpg,raw/Archivio diocesano/X 18 (1570-79)/IMG20260522103336.jpg,85.2
p120,p120,single,X 20 (1583),processed/cropped/x-20-1583/p120.jpg,raw/Archivio diocesano/X 20 (1583)/IMG20260522104527.jpg,100.0
p121,p121,single,X 20 (1583),processed/cropped/x-20-1583/p121.jpg,raw/Archivio diocesano/X 20 (1583)/IMG20260522104530.jpg,71.6
p122,p122,single,X 20 (1583),processed/cropped/x-20-1583/p122.jpg,raw/Archivio diocesano/X 20 (1583)/IMG20260522104539.jpg,79.3
p123,p123,single,X 20 (1583),processed/cropped/x-20-1583/p123.jpg,raw/Archivio diocesano/X 20 (1583)/IMG20260522104544.jpg,76.5
p124,p124,single,X 20 (1583),processed/cropped/x-20-1583/p124.jpg,raw/Archivio diocesano/X 20 (1583)/IMG20260522104554.jpg,68.0
p125,p125,single,X 20 (1583),processed/cropped/x-20-1583/p125.jpg,raw/Archivio diocesano/X 20 (1583)/IMG20260522104602.jpg,62.8
p126,p126,single,X 20 (1583),processed/cropped/x-20-1583/p126.jpg,raw/Archivio diocesano/X 20 (1583)/IMG20260522104622.jpg,89.2
p127,p127,single,X 20 (1583),processed/cropped/x-20-1583/p127.jpg,raw/Archivio diocesano/X 20 (1583)/IMG20260522104627.jpg,59.6
p128,p128,single,X 20 (1583),processed/cropped/x-20-1583/p128.jpg,raw/Archivio diocesano/X 20 (1583)/IMG20260522104637.jpg,73.6
p129,p129,single,X 20 (1583),processed/cropped/x-20-1583/p129.jpg,raw/Archivio diocesano/X 20 (1583)/IMG20260522104643.jpg,56.6
p130,p130,single,X 20 (1583),processed/cropped/x-20-1583/p130.jpg,raw/Archivio diocesano/X 20 (1583)/IMG20260522104654.jpg,75.9
p131,p131,single,X 20 (1583),processed/cropped/x-20-1583/p131.jpg,raw/Archivio diocesano/X 20 (1583)/IMG20260522104700.jpg,56.5
p132,p132,single,X 20 (1583),processed/cropped/x-20-1583/p132.jpg,raw/Archivio diocesano/X 20 (1583)/IMG20260522104710.jpg,83.7
p133,p133,single,X 20 (1583),processed/cropped/x-20-1583/p133.jpg,raw/Archivio diocesano/X 20 (1583)/IMG20260522104717.jpg,48.5
p134,p134,single,X 20 (1583),processed/cropped/x-20-1583/p134.jpg,raw/Archivio diocesano/X 20 (1583)/IMG20260522104729.jpg,72.5
p135,p135,single,X 20 (1583),processed/cropped/x-20-1583/p135.jpg,raw/Archivio diocesano/X 20 (1583)/IMG20260522104735.jpg,66.6
p136,p136,single,X 20 (1583),processed/cropped/x-20-1583/p136.jpg,raw/Archivio diocesano/X 20 (1583)/IMG20260522104751.jpg,89.9
p137,p137,single,X 20 (1583),processed/cropped/x-20-1583/p137.jpg,raw/Archivio diocesano/X 20 (1583)/IMG20260522104757.jpg,68.3
p138,p138,single,X 20 (1583),processed/cropped/x-20-1583/p138.jpg,raw/Archivio diocesano/X 20 (1583)/IMG20260522104819.jpg,78.2
p139,p139,single,X 20 (1583),processed/cropped/x-20-1583/p139.jpg,raw/Archivio diocesano/X 20 (1583)/IMG20260522104822.jpg,82.1
p140,p140,single,X 20 (1583),processed/cropped/x-20-1583/p140.jpg,raw/Archivio diocesano/X 20 (1583)/IMG20260522104829.jpg,69.7
p141,p141,single,X 20 (1583),processed/cropped/x-20-1583/p141.jpg,raw/Archivio diocesano/X 20 (1583)/IMG20260522104831.jpg,79.4
p142,p142,single,X 20 (1583),processed/cropped/x-20-1583/p142.jpg,raw/Archivio diocesano/X 20 (1583)/IMG20260522104837.jpg,84.9
p143,p143,single,X 20 (1583),processed/cropped/x-20-1583/p143.jpg,raw/Archivio diocesano/X 20 (1583)/IMG20260522104840.jpg,82.7
p144,p144,single,X 20 (1583),processed/cropped/x-20-1583/p144.jpg,raw/Archivio diocesano/X 20 (1583)/IMG20260522104846.jpg,85.6
p145,p145,single,X 20 (1583),processed/cropped/x-20-1583/p145.jpg,raw/Archivio diocesano/X 20 (1583)/IMG20260522104849.jpg,85.1
p146,p146,single,X 20 (1583),processed/cropped/x-20-1583/p146.jpg,raw/Archivio diocesano/X 20 (1583)/IMG20260522104854.jpg,83.6
p147,p147,single,X 20 (1583),processed/cropped/x-20-1583/p147.jpg,raw/Archivio diocesano/X 20 (1583)/IMG20260522104856.jpg,82.7
p148,p148,single,X 20 (1583),processed/cropped/x-20-1583/p148.jpg,raw/Archivio diocesano/X 20 (1583)/IMG20260522104901.jpg,80.8
p149,p149,single,X 20 (1583),processed/cropped/x-20-1583/p149.jpg,raw/Archivio diocesano/X 20 (1583)/IMG20260522104903.jpg,87.6
p150,p150,single,X 20 (1583),processed/cropped/x-20-1583/p150.jpg,raw/Archivio diocesano/X 20 (1583)/IMG20260522104908.jpg,65.9
p151,p151,single,X 20 (1583),processed/cropped/x-20-1583/p151.jpg,raw/Archivio diocesano/X 20 (1583)/IMG20260522104910.jpg,87.5
p152,p152,single,X 20 (1583),processed/cropped/x-20-1583/p152.jpg,raw/Archivio diocesano/X 20 (1583)/IMG20260522104916.jpg,81.5
p153,p153,single,X 4 (1574),processed/cropped/x-4-1574/p153.jpg,raw/Archivio diocesano/X 4 (1574)/IMG20260522094044.jpg,86.7
p154,p154,single,X 4 (1574),processed/cropped/x-4-1574/p154.jpg,raw/Archivio diocesano/X 4 (1574)/IMG20260522094049.jpg,95.1
p155,p155,single,X 4 (1574),processed/cropped/x-4-1574/p155.jpg,raw/Archivio diocesano/X 4 (1574)/IMG20260522094059.jpg,85.9
p156,p156,single,X 4 (1574),processed/cropped/x-4-1574/p156.jpg,raw/Archivio diocesano/X 4 (1574)/IMG20260522094120.jpg,88.8
p157,p157,single,X 4 (1574),processed/cropped/x-4-1574/p157.jpg,raw/Archivio diocesano/X 4 (1574)/IMG20260522094128.jpg,98.3
p158,p158,single,X 4 (1574),processed/cropped/x-4-1574/p158.jpg,raw/Archivio diocesano/X 4 (1574)/IMG20260522094150.jpg,73.7
p159,p159,single,X 4 (1574),processed/cropped/x-4-1574/p159.jpg,raw/Archivio diocesano/X 4 (1574)/IMG20260522094219.jpg,85.2
p160,p160,single,X 4 (1574),processed/cropped/x-4-1574/p160.jpg,raw/Archivio diocesano/X 4 (1574)/IMG20260522094230.jpg,94.1
p161,p161,single,X 4 (1574),processed/cropped/x-4-1574/p161.jpg,raw/Archivio diocesano/X 4 (1574)/IMG20260522094240.jpg,77.8
p162,p162,single,X 4 (1574),processed/cropped/x-4-1574/p162.jpg,raw/Archivio diocesano/X 4 (1574)/IMG20260522094302.jpg,96.9
p163,p163,single,X 4 (1574),processed/cropped/x-4-1574/p163.jpg,raw/Archivio diocesano/X 4 (1574)/IMG20260522094303.jpg,96.4
p164,p164,single,X 4 (1574),processed/cropped/x-4-1574/p164.jpg,raw/Archivio diocesano/X 4 (1574)/IMG20260522094315.jpg,92.1
p165,p165,single,X 4 (1574),processed/cropped/x-4-1574/p165.jpg,raw/Archivio diocesano/X 4 (1574)/IMG20260522094328.jpg,85.5
p166,p166,single,X 4 (1574),processed/cropped/x-4-1574/p166.jpg,raw/Archivio diocesano/X 4 (1574)/IMG20260522094352.jpg,81.3
p167,p167,single,X 4 (1574),processed/cropped/x-4-1574/p167.jpg,raw/Archivio diocesano/X 4 (1574)/IMG20260522094406.jpg,84.9
p168,p168,single,X 4 (1574),processed/cropped/x-4-1574/p168.jpg,raw/Archivio diocesano/X 4 (1574)/IMG20260522094416.jpg,83.4
p169,p169,single,X 4 (1574),processed/cropped/x-4-1574/p169.jpg,raw/Archivio diocesano/X 4 (1574)/IMG20260522094433.jpg,77.2
p170,p170,single,X 4 (1574),processed/cropped/x-4-1574/p170.jpg,raw/Archivio diocesano/X 4 (1574)/IMG20260522094446.jpg,75.8
p171,p171,single,X 4 (1574),processed/cropped/x-4-1574/p171.jpg,raw/Archivio diocesano/X 4 (1574)/IMG20260522094458.jpg,75.1
p172,p172,single,X 4 (1574),processed/cropped/x-4-1574/p172.jpg,raw/Archivio diocesano/X 4 (1574)/IMG20260522094507.jpg,94.9
p173,p173,single,X 4 (1574),processed/cropped/x-4-1574/p173.jpg,raw/Archivio diocesano/X 4 (1574)/IMG20260522094533.jpg,84.0
p174,p174,single,X 4 (1574),processed/cropped/x-4-1574/p174.jpg,raw/Archivio diocesano/X 4 (1574)/IMG20260522094545.jpg,90.9
p175,p175,single,X 4 (1574),processed/cropped/x-4-1574/p175.jpg,raw/Archivio diocesano/X 4 (1574)/IMG20260522094605.jpg,88.5
p176,p176,single,X 4 (1574),processed/cropped/x-4-1574/p176.jpg,raw/Archivio diocesano/X 4 (1574)/IMG20260522094623.jpg,86.2
p177,p177,single,X 4 (1574),processed/cropped/x-4-1574/p177.jpg,raw/Archivio diocesano/X 4 (1574)/IMG20260522094632.jpg,93.5
p178,p178,single,X 4 (1574),processed/cropped/x-4-1574/p178.jpg,raw/Archivio diocesano/X 4 (1574)/IMG20260522094642.jpg,91.4
p179,p179,single,X 4 (1574),processed/cropped/x-4-1574/p179.jpg,raw/Archivio diocesano/X 4 (1574)/IMG20260522094704.jpg,97.3
p180,p180,single,X 4 (1574),processed/cropped/x-4-1574/p180.jpg,raw/Archivio diocesano/X 4 (1574)/IMG20260522094711.jpg,67.4
p181,p181,single,X 4 (1574),processed/cropped/x-4-1574/p181.jpg,raw/Archivio diocesano/X 4 (1574)/IMG20260522094721.jpg,91.4
p182,p182,single,X 4 (1574),processed/cropped/x-4-1574/p182.jpg,raw/Archivio diocesano/X 4 (1574)/IMG20260522094749.jpg,72.2
p183,p183,single,X 4 (1574),processed/cropped/x-4-1574/p183.jpg,raw/Archivio diocesano/X 4 (1574)/IMG20260522094802.jpg,79.8
p184,p184,single,X 4 (1574),processed/cropped/x-4-1574/p184.jpg,raw/Archivio diocesano/X 4 (1574)/IMG20260522094814.jpg,89.3
p185,p185,single,X 4 (1574),processed/cropped/x-4-1574/p185.jpg,raw/Archivio diocesano/X 4 (1574)/IMG20260522094836.jpg,96.6
p186,p186,single,X 4 (1574),processed/cropped/x-4-1574/p186.jpg,raw/Archivio diocesano/X 4 (1574)/IMG20260522094850.jpg,82.6
p187,p187,single,X 4 (1574),processed/cropped/x-4-1574/p187.jpg,raw/Archivio diocesano/X 4 (1574)/IMG20260522094928.jpg,83.4
p188,p188,single,X 4 (1574),processed/cropped/x-4-1574/p188.jpg,raw/Archivio diocesano/X 4 (1574)/IMG20260522094941.jpg,85.8
p189,p189,single,X 4 (1574),processed/cropped/x-4-1574/p189.jpg,raw/Archivio diocesano/X 4 (1574)/IMG20260522094947.jpg,76.0
p190,p190,single,X 4 (1574),processed/cropped/x-4-1574/p190.jpg,raw/Archivio diocesano/X 4 (1574)/IMG20260522095000.jpg,78.3
p191,p191,single,X 4 (1574),processed/cropped/x-4-1574/p191.jpg,raw/Archivio diocesano/X 4 (1574)/IMG20260522095010.jpg,67.5
p192,p192,single,X 4 (1574),processed/cropped/x-4-1574/p192.jpg,raw/Archivio diocesano/X 4 (1574)/IMG20260522095024.jpg,78.0
p193,p193,single,X 4 (1574),processed/cropped/x-4-1574/p193.jpg,raw/Archivio diocesano/X 4 (1574)/IMG20260522095036.jpg,73.8
p194,p194,single,X 4 (1574),processed/cropped/x-4-1574/p194.jpg,raw/Archivio diocesano/X 4 (1574)/IMG20260522095048.jpg,75.0
p195,p195,single,X 4 (1574),processed/cropped/x-4-1574/p195.jpg,raw/Archivio diocesano/X 4 (1574)/IMG20260522095057.jpg,83.2
p196,p196,single,X 4 (1574),processed/cropped/x-4-1574/p196.jpg,raw/Archivio diocesano/X 4 (1574)/IMG20260522095123.jpg,79.8
p197,p197,single,X 4 (1574),processed/cropped/x-4-1574/p197.jpg,raw/Archivio diocesano/X 4 (1574)/IMG20260522095133.jpg,79.6
p198,p198,single,X 4 (1574),processed/cropped/x-4-1574/p198.jpg,raw/Archivio diocesano/X 4 (1574)/IMG20260522095149.jpg,79.6
p199,p199,single,X 4 (1574),processed/cropped/x-4-1574/p199.jpg,raw/Archivio diocesano/X 4 (1574)/IMG20260522095203.jpg,82.0
p200,p200,single,X 4 (1574),processed/cropped/x-4-1574/p200.jpg,raw/Archivio diocesano/X 4 (1574)/IMG20260522095238.jpg,65.4
p201,p201,single,X 4 (1574),processed/cropped/x-4-1574/p201.jpg,raw/Archivio diocesano/X 4 (1574)/IMG20260522095249.jpg,82.0
p202,p202,single,X 4 (1574),processed/cropped/x-4-1574/p202.jpg,raw/Archivio diocesano/X 4 (1574)/IMG20260522095258.jpg,83.0
p203,p203,single,X 4 (1574),processed/cropped/x-4-1574/p203.jpg,raw/Archivio diocesano/X 4 (1574)/IMG20260522095334.jpg,73.2
p204,p204,single,X 4 (1574),processed/cropped/x-4-1574/p204.jpg,raw/Archivio diocesano/X 4 (1574)/IMG20260522095343.jpg,75.9
p205,p205,single,X 4 (1574),processed/cropped/x-4-1574/p205.jpg,raw/Archivio diocesano/X 4 (1574)/IMG20260522095408.jpg,55.9
p206,p206,single,X 4 (1574),processed/cropped/x-4-1574/p206.jpg,raw/Archivio diocesano/X 4 (1574)/IMG20260522095421.jpg,83.4
p207,p207,single,X 4 (1574),processed/cropped/x-4-1574/p207.jpg,raw/Archivio diocesano/X 4 (1574)/IMG20260522095434.jpg,94.3
p208,p208,single,X 4 (1574),processed/cropped/x-4-1574/p208.jpg,raw/Archivio diocesano/X 4 (1574)/IMG20260522095449.jpg,92.3
p209,p209,single,X 4 (1574),processed/cropped/x-4-1574/p209.jpg,raw/Archivio diocesano/X 4 (1574)/IMG20260522095459.jpg,43.9
p210,p210,single,X 4 (1574),processed/cropped/x-4-1574/p210.jpg,raw/Archivio diocesano/X 4 (1574)/IMG20260522095507.jpg,87.2
p211,p211,single,X 4 (1574),processed/cropped/x-4-1574/p211.jpg,raw/Archivio diocesano/X 4 (1574)/IMG20260522095519.jpg,50.1
p212,p212,single,X 4 (1574),processed/cropped/x-4-1574/p212.jpg,raw/Archivio diocesano/X 4 (1574)/IMG20260522095528.jpg,82.1
p213,p213,single,X 4 (1574),processed/cropped/x-4-1574/p213.jpg,raw/Archivio diocesano/X 4 (1574)/IMG20260522095540.jpg,50.6
p214,p214,single,X 4 (1574),processed/cropped/x-4-1574/p214.jpg,raw/Archivio diocesano/X 4 (1574)/IMG20260522095548.jpg,45.7
p215,p215,single,X 4 (1574),processed/cropped/x-4-1574/p215.jpg,raw/Archivio diocesano/X 4 (1574)/IMG20260522095621.jpg,100.0
p216,p216,single,X 4 (1574),processed/cropped/x-4-1574/p216.jpg,raw/Archivio diocesano/X 4 (1574)/IMG20260522095630.jpg,61.5
p217,p217,single,X 4 (1574),processed/cropped/x-4-1574/p217.jpg,raw/Archivio diocesano/X 4 (1574)/IMG20260522095640.jpg,83.8
p218,p218,single,X 4 (1574),processed/cropped/x-4-1574/p218.jpg,raw/Archivio diocesano/X 4 (1574)/IMG20260522095648.jpg,63.5
p219,p219,single,X 4 (1574),processed/cropped/x-4-1574/p219.jpg,raw/Archivio diocesano/X 4 (1574)/IMG20260522095659.jpg,96.6
p220,p220,single,X 4 (1574),processed/cropped/x-4-1574/p220.jpg,raw/Archivio diocesano/X 4 (1574)/IMG20260522095708.jpg,87.3
p221,p221,single,X 4 (1574),processed/cropped/x-4-1574/p221.jpg,raw/Archivio diocesano/X 4 (1574)/IMG20260522095724.jpg,84.3
p222,p222,single,X 4 (1574),processed/cropped/x-4-1574/p222.jpg,raw/Archivio diocesano/X 4 (1574)/IMG20260522095734.jpg,81.6
p223,p223,single,X 4 (1574),processed/cropped/x-4-1574/p223.jpg,raw/Archivio diocesano/X 4 (1574)/IMG20260522095742.jpg,80.1
p224,p224,single,X 4 (1574),processed/cropped/x-4-1574/p224.jpg,raw/Archivio diocesano/X 4 (1574)/IMG20260522095754.jpg,78.0
p225,p225,single,X 4 (1574),processed/cropped/x-4-1574/p225.jpg,raw/Archivio diocesano/X 4 (1574)/IMG20260522095805.jpg,82.3
p226,p226,single,X 4 (1574),processed/cropped/x-4-1574/p226.jpg,raw/Archivio diocesano/X 4 (1574)/IMG20260522095813.jpg,80.2
p227,p227,single,X 4 (1574),processed/cropped/x-4-1574/p227.jpg,raw/Archivio diocesano/X 4 (1574)/IMG20260522095823.jpg,84.2
p228,p228,single,X 4 (1574),processed/cropped/x-4-1574/p228.jpg,raw/Archivio diocesano/X 4 (1574)/IMG20260522095831.jpg,73.3
p229,p229,single,X 4 (1574),processed/cropped/x-4-1574/p229.jpg,raw/Archivio diocesano/X 4 (1574)/IMG20260522095842.jpg,53.1
p230,p230,single,X 4 (1574),processed/cropped/x-4-1574/p230.jpg,raw/Archivio diocesano/X 4 (1574)/IMG20260522100120.jpg,77.1
p231,p231,single,X 4 (1574),processed/cropped/x-4-1574/p231.jpg,raw/Archivio diocesano/X 4 (1574)/IMG20260522100135.jpg,87.0
p232,p232,single,X 4 (1574),processed/cropped/x-4-1574/p232.jpg,raw/Archivio diocesano/X 4 (1574)/IMG20260522100144.jpg,80.6
p233,p233,single,X 4 (1574),processed/cropped/x-4-1574/p233.jpg,raw/Archivio diocesano/X 4 (1574)/IMG20260522100154.jpg,87.5
p234,p234,single,X 4 (1574),processed/cropped/x-4-1574/p234.jpg,raw/Archivio diocesano/X 4 (1574)/IMG20260522100204.jpg,80.6
p235,p235,single,X 4 (1574),processed/cropped/x-4-1574/p235.jpg,raw/Archivio diocesano/X 4 (1574)/IMG20260522100216.jpg,82.1
p236,p236,single,X 4 (1574),processed/cropped/x-4-1574/p236.jpg,raw/Archivio diocesano/X 4 (1574)/IMG20260522100231.jpg,86.8
p237,p237,single,X 4 (1574),processed/cropped/x-4-1574/p237.jpg,raw/Archivio diocesano/X 4 (1574)/IMG20260522100248.jpg,85.9
p238,p238,single,X 4 (1574),processed/cropped/x-4-1574/p238.jpg,raw/Archivio diocesano/X 4 (1574)/IMG20260522100257.jpg,81.8
p239,p239,single,X 4 (1574),processed/cropped/x-4-1574/p239.jpg,raw/Archivio diocesano/X 4 (1574)/IMG20260522100321.jpg,81.2
p240,p240,single,X 4 (1574),processed/cropped/x-4-1574/p240.jpg,raw/Archivio diocesano/X 4 (1574)/IMG20260522100330.jpg,66.4
p241,p241,single,X 4 (1574),processed/cropped/x-4-1574/p241.jpg,raw/Archivio diocesano/X 4 (1574)/IMG20260522100341.jpg,74.9
p242,p242,single,X 4 (1574),processed/cropped/x-4-1574/p242.jpg,raw/Archivio diocesano/X 4 (1574)/IMG20260522100341_01.jpg,76.6
p243,p243,single,X 4 (1574),processed/cropped/x-4-1574/p243.jpg,raw/Archivio diocesano/X 4 (1574)/IMG20260522100350.jpg,69.0
p244,p244,single,X 4 (1574),processed/cropped/x-4-1574/p244.jpg,raw/Archivio diocesano/X 4 (1574)/IMG20260522100402.jpg,67.6
p245,p245,single,X 4 (1574),processed/cropped/x-4-1574/p245.jpg,raw/Archivio diocesano/X 4 (1574)/IMG20260522100417.jpg,85.5
p246,p246,single,X 4 (1574),processed/cropped/x-4-1574/p246.jpg,raw/Archivio diocesano/X 4 (1574)/IMG20260522100430.jpg,74.7
p247,p247,single,X 4 (1574),processed/cropped/x-4-1574/p247.jpg,raw/Archivio diocesano/X 4 (1574)/IMG20260522100444.jpg,88.9
p248,p248,single,X 4 (1574),processed/cropped/x-4-1574/p248.jpg,raw/Archivio diocesano/X 4 (1574)/IMG20260522100453.jpg,83.6
p249,p249,single,X 4 (1574),processed/cropped/x-4-1574/p249.jpg,raw/Archivio diocesano/X 4 (1574)/IMG20260522100522.jpg,76.8
p250,p250,single,X 4 (1574),processed/cropped/x-4-1574/p250.jpg,raw/Archivio diocesano/X 4 (1574)/IMG20260522100531.jpg,85.6
p251,p251,single,X 4 (1574),processed/cropped/x-4-1574/p251.jpg,raw/Archivio diocesano/X 4 (1574)/IMG20260522100542.jpg,80.4
p252,p252,single,X 4 (1574),processed/cropped/x-4-1574/p252.jpg,raw/Archivio diocesano/X 4 (1574)/IMG20260522100558.jpg,82.4
p253,p253,single,X 4 (1574),processed/cropped/x-4-1574/p253.jpg,raw/Archivio diocesano/X 4 (1574)/IMG20260522100606.jpg,89.0
p254,p254,single,X 4 (1574),processed/cropped/x-4-1574/p254.jpg,raw/Archivio diocesano/X 4 (1574)/IMG20260522100617.jpg,84.1
p255,p255,single,X 4 (1574),processed/cropped/x-4-1574/p255.jpg,raw/Archivio diocesano/X 4 (1574)/IMG20260522100627.jpg,66.2
p256,p256,single,X 4 (1574),processed/cropped/x-4-1574/p256.jpg,raw/Archivio diocesano/X 4 (1574)/IMG20260522100638.jpg,91.3
p257,p257,single,X 4 (1574),processed/cropped/x-4-1574/p257.jpg,raw/Archivio diocesano/X 4 (1574)/IMG20260522100652.jpg,82.5
p258,p258,single,X 4 (1574),processed/cropped/x-4-1574/p258.jpg,raw/Archivio diocesano/X 4 (1574)/IMG20260522100705.jpg,95.1
p259,p259,single,X 4 (1574),processed/cropped/x-4-1574/p259.jpg,raw/Archivio diocesano/X 4 (1574)/IMG20260522100712.jpg,83.9
p260,p260,single,X 4 (1574),processed/cropped/x-4-1574/p260.jpg,raw/Archivio diocesano/X 4 (1574)/IMG20260522100729.jpg,89.9
p261,p261,single,X 4 (1574),processed/cropped/x-4-1574/p261.jpg,raw/Archivio diocesano/X 4 (1574)/IMG20260522100737.jpg,81.6
p262,p262,single,X 44 (1583),processed/cropped/x-44-1583/p262.jpg,raw/Archivio diocesano/X 44 (1583)/IMG20260522112400.jpg,84.8
p263,p263,single,X 44 (1583),processed/cropped/x-44-1583/p263.jpg,raw/Archivio diocesano/X 44 (1583)/IMG20260522112514.jpg,86.1
p264,p264,single,X 44 (1583),processed/cropped/x-44-1583/p264.jpg,raw/Archivio diocesano/X 44 (1583)/IMG20260522112527.jpg,82.2
p265,p265,single,X 44 (1583),processed/cropped/x-44-1583/p265.jpg,raw/Archivio diocesano/X 44 (1583)/IMG20260522112534.jpg,87.0
p266,p266,single,X 44 (1583),processed/cropped/x-44-1583/p266.jpg,raw/Archivio diocesano/X 44 (1583)/IMG20260522112543.jpg,72.8
p267,p267,single,X 44 (1583),processed/cropped/x-44-1583/p267.jpg,raw/Archivio diocesano/X 44 (1583)/IMG20260522112548.jpg,86.2
p268,p268,single,X 44 (1583),processed/cropped/x-44-1583/p268.jpg,raw/Archivio diocesano/X 44 (1583)/IMG20260522112558.jpg,76.5
p269,p269,single,X 44 (1583),processed/cropped/x-44-1583/p269.jpg,raw/Archivio diocesano/X 44 (1583)/IMG20260522112602.jpg,88.2
p270,p270,single,X 44 (1583),processed/cropped/x-44-1583/p270.jpg,raw/Archivio diocesano/X 44 (1583)/IMG20260522112612.jpg,84.4
p271,p271,single,X 44 (1583),processed/cropped/x-44-1583/p271.jpg,raw/Archivio diocesano/X 44 (1583)/IMG20260522112616.jpg,87.3
p272,p272,single,X 44 (1583),processed/cropped/x-44-1583/p272.jpg,raw/Archivio diocesano/X 44 (1583)/IMG20260522112625.jpg,90.9
p273,p273,single,X 44 (1583),processed/cropped/x-44-1583/p273.jpg,raw/Archivio diocesano/X 44 (1583)/IMG20260522112628.jpg,81.7
p274,p274,single,X 44 (1583),processed/cropped/x-44-1583/p274.jpg,raw/Archivio diocesano/X 44 (1583)/IMG20260522112638.jpg,90.6
p275,p275,single,X 44 (1583),processed/cropped/x-44-1583/p275.jpg,raw/Archivio diocesano/X 44 (1583)/IMG20260522112642.jpg,76.0
p276,p276,single,X 44 (1583),processed/cropped/x-44-1583/p276.jpg,raw/Archivio diocesano/X 44 (1583)/IMG20260522112650.jpg,86.9
p277,p277,single,X 44 (1583),processed/cropped/x-44-1583/p277.jpg,raw/Archivio diocesano/X 44 (1583)/IMG20260522112654.jpg,88.3
p278,p278,single,X 44 (1583),processed/cropped/x-44-1583/p278.jpg,raw/Archivio diocesano/X 44 (1583)/IMG20260522112703.jpg,99.6
p279,p279,single,X 44 (1583),processed/cropped/x-44-1583/p279.jpg,raw/Archivio diocesano/X 44 (1583)/IMG20260522112706.jpg,89.2
p280,p280,single,X 44 (1583),processed/cropped/x-44-1583/p280.jpg,raw/Archivio diocesano/X 44 (1583)/IMG20260522112719.jpg,79.2
p281,p281,single,X 44 (1583),processed/cropped/x-44-1583/p281.jpg,raw/Archivio diocesano/X 44 (1583)/IMG20260522112722.jpg,96.9
p282,p282,single,X 44 (1583),processed/cropped/x-44-1583/p282.jpg,raw/Archivio diocesano/X 44 (1583)/IMG20260522112731.jpg,89.0
p283,p283,single,X 44 (1583),processed/cropped/x-44-1583/p283.jpg,raw/Archivio diocesano/X 44 (1583)/IMG20260522112734.jpg,100.0
p284,p284,single,X 44 (1583),processed/cropped/x-44-1583/p284.jpg,raw/Archivio diocesano/X 44 (1583)/IMG20260522112744.jpg,97.5
p285,p285,single,X 44 (1583),processed/cropped/x-44-1583/p285.jpg,raw/Archivio diocesano/X 44 (1583)/IMG20260522112747.jpg,96.1
p286,p286,single,X 44 (1583),processed/cropped/x-44-1583/p286.jpg,raw/Archivio diocesano/X 44 (1583)/IMG20260522112755.jpg,87.9
p287,p287,single,X 44 (1583),processed/cropped/x-44-1583/p287.jpg,raw/Archivio diocesano/X 44 (1583)/IMG20260522112759.jpg,74.8
p288,p288,single,X 44 (1583),processed/cropped/x-44-1583/p288.jpg,raw/Archivio diocesano/X 44 (1583)/IMG20260522112807.jpg,70.2
p289,p289,single,X 44 (1583),processed/cropped/x-44-1583/p289.jpg,raw/Archivio diocesano/X 44 (1583)/IMG20260522112810.jpg,100.0
p290,p290,single,X 44 (1583),processed/cropped/x-44-1583/p290.jpg,raw/Archivio diocesano/X 44 (1583)/IMG20260522112819.jpg,66.5
p291,p291,single,X 44 (1583),processed/cropped/x-44-1583/p291.jpg,raw/Archivio diocesano/X 44 (1583)/IMG20260522112822.jpg,100.0
p292,p292,single,X 44 (1583),processed/cropped/x-44-1583/p292.jpg,raw/Archivio diocesano/X 44 (1583)/IMG20260522112831.jpg,97.7
p293,p293,single,X 44 (1583),processed/cropped/x-44-1583/p293.jpg,raw/Archivio diocesano/X 44 (1583)/IMG20260522112834.jpg,96.3
p294,p294,single,X 44 (1583),processed/cropped/x-44-1583/p294.jpg,raw/Archivio diocesano/X 44 (1583)/IMG20260522112844.jpg,76.1
p295,p295,single,X 44 (1583),processed/cropped/x-44-1583/p295.jpg,raw/Archivio diocesano/X 44 (1583)/IMG20260522112853.jpg,77.0
p296,p296,single,X 44 (1583),processed/cropped/x-44-1583/p296.jpg,raw/Archivio diocesano/X 44 (1583)/IMG20260522112856.jpg,97.1
p297,p297,single,X 44 (1583),processed/cropped/x-44-1583/p297.jpg,raw/Archivio diocesano/X 44 (1583)/IMG20260522112904.jpg,88.0
p298,p298,single,X 44 (1583),processed/cropped/x-44-1583/p298.jpg,raw/Archivio diocesano/X 44 (1583)/IMG20260522112907.jpg,97.5
p299,p299,single,X 44 (1583),processed/cropped/x-44-1583/p299.jpg,raw/Archivio diocesano/X 44 (1583)/IMG20260522112915.jpg,91.2
p300,p300,single,X 44 (1583),processed/cropped/x-44-1583/p300.jpg,raw/Archivio diocesano/X 44 (1583)/IMG20260522112918.jpg,96.7
p301,p301,single,X 44 (1583),processed/cropped/x-44-1583/p301.jpg,raw/Archivio diocesano/X 44 (1583)/IMG20260522112926.jpg,87.0
p302,p302,single,X 44 (1583),processed/cropped/x-44-1583/p302.jpg,raw/Archivio diocesano/X 44 (1583)/IMG20260522112929.jpg,92.9
p303,p303,single,X 44 (1583),processed/cropped/x-44-1583/p303.jpg,raw/Archivio diocesano/X 44 (1583)/IMG20260522112937.jpg,84.5
p304,p304,single,X 44 (1583),processed/cropped/x-44-1583/p304.jpg,raw/Archivio diocesano/X 44 (1583)/IMG20260522112941.jpg,95.2
p305,p305,single,X 44 (1583),processed/cropped/x-44-1583/p305.jpg,raw/Archivio diocesano/X 44 (1583)/IMG20260522113031.jpg,89.2
p306,p306,single,X 44 (1583),processed/cropped/x-44-1583/p306.jpg,raw/Archivio diocesano/X 44 (1583)/IMG20260522113039.jpg,72.9
p307,p307,single,X 44 (1583),processed/cropped/x-44-1583/p307.jpg,raw/Archivio diocesano/X 44 (1583)/IMG20260522113042.jpg,91.5
p308,p308,single,X 44 (1583),processed/cropped/x-44-1583/p308.jpg,raw/Archivio diocesano/X 44 (1583)/IMG20260522113049.jpg,79.7
p309,p309,single,X 44 (1583),processed/cropped/x-44-1583/p309.jpg,raw/Archivio diocesano/X 44 (1583)/IMG20260522113052.jpg,76.0
p310,p310,single,X 44 (1583),processed/cropped/x-44-1583/p310.jpg,raw/Archivio diocesano/X 44 (1583)/IMG20260522113100.jpg,78.5
p311,p311,single,X 44 (1583),processed/cropped/x-44-1583/p311.jpg,raw/Archivio diocesano/X 44 (1583)/IMG20260522113103.jpg,90.3
p312,p312,single,X 44 (1583),processed/cropped/x-44-1583/p312.jpg,raw/Archivio diocesano/X 44 (1583)/IMG20260522113113.jpg,79.9
p313,p313,single,X 44 (1583),processed/cropped/x-44-1583/p313.jpg,raw/Archivio diocesano/X 44 (1583)/IMG20260522113116.jpg,91.4
p314,p314,single,X 44 (1583),processed/cropped/x-44-1583/p314.jpg,raw/Archivio diocesano/X 44 (1583)/IMG20260522113124.jpg,87.2
p315,p315,single,X 44 (1583),processed/cropped/x-44-1583/p315.jpg,raw/Archivio diocesano/X 44 (1583)/IMG20260522113126.jpg,99.9
p316,p316,single,X 44 (1583),processed/cropped/x-44-1583/p316.jpg,raw/Archivio diocesano/X 44 (1583)/IMG20260522113136.jpg,76.6
p317,p317,single,X 44 (1583),processed/cropped/x-44-1583/p317.jpg,raw/Archivio diocesano/X 44 (1583)/IMG20260522113139.jpg,85.8
p318,p318,single,X 44 (1583),processed/cropped/x-44-1583/p318.jpg,raw/Archivio diocesano/X 44 (1583)/IMG20260522113148.jpg,91.8
p319,p319,single,X 44 (1583),processed/cropped/x-44-1583/p319.jpg,raw/Archivio diocesano/X 44 (1583)/IMG20260522113151.jpg,100.0
p320,p320,single,X 44 (1583),processed/cropped/x-44-1583/p320.jpg,raw/Archivio diocesano/X 44 (1583)/IMG20260522113201.jpg,89.9
p321,p321,single,X 44 (1583),processed/cropped/x-44-1583/p321.jpg,raw/Archivio diocesano/X 44 (1583)/IMG20260522113204.jpg,91.2
p322,p322,single,X 44 (1583),processed/cropped/x-44-1583/p322.jpg,raw/Archivio diocesano/X 44 (1583)/IMG20260522113211.jpg,80.1
p323,p323,single,X 44 (1583),processed/cropped/x-44-1583/p323.jpg,raw/Archivio diocesano/X 44 (1583)/IMG20260522113214.jpg,100.0
p324,p324,single,X 44 (1583),processed/cropped/x-44-1583/p324.jpg,raw/Archivio diocesano/X 44 (1583)/IMG20260522113222.jpg,88.9
p325,p325,single,X 44 (1583),processed/cropped/x-44-1583/p325.jpg,raw/Archivio diocesano/X 44 (1583)/IMG20260522113224.jpg,34.9
p326,p326,single,X 44 (1583),processed/cropped/x-44-1583/p326.jpg,raw/Archivio diocesano/X 44 (1583)/IMG20260522113254.jpg,93.8
p327,p327,single,X 5 (1642-74),processed/cropped/x-5-1642-74/p327.jpg,raw/Archivio diocesano/X 5 (1642-74)/IMG20260522100843.jpg,100.0
p328,p328,single,X 5 (1642-74),processed/cropped/x-5-1642-74/p328.jpg,raw/Archivio diocesano/X 5 (1642-74)/IMG20260522100920.jpg,83.7
p329,p329,single,X 5 (1642-74),processed/cropped/x-5-1642-74/p329.jpg,raw/Archivio diocesano/X 5 (1642-74)/IMG20260522100930.jpg,86.6
p330,p330,single,X 5 (1642-74),processed/cropped/x-5-1642-74/p330.jpg,raw/Archivio diocesano/X 5 (1642-74)/IMG20260522100945.jpg,90.2
p331,p331,single,X 5 (1642-74),processed/cropped/x-5-1642-74/p331.jpg,raw/Archivio diocesano/X 5 (1642-74)/IMG20260522100955.jpg,95.6
p332,p332,single,X 5 (1642-74),processed/cropped/x-5-1642-74/p332.jpg,raw/Archivio diocesano/X 5 (1642-74)/IMG20260522101001.jpg,91.4
p333,p333,single,X 5 (1642-74),processed/cropped/x-5-1642-74/p333.jpg,raw/Archivio diocesano/X 5 (1642-74)/IMG20260522101020.jpg,78.4
p334,p334,single,X 5 (1642-74),processed/cropped/x-5-1642-74/p334.jpg,raw/Archivio diocesano/X 5 (1642-74)/IMG20260522101027.jpg,81.6
p335,p335,single,X 5 (1642-74),processed/cropped/x-5-1642-74/p335.jpg,raw/Archivio diocesano/X 5 (1642-74)/IMG20260522101038.jpg,97.9
p336,p336,single,X 5 (1642-74),processed/cropped/x-5-1642-74/p336.jpg,raw/Archivio diocesano/X 5 (1642-74)/IMG20260522101045.jpg,85.8
p337,p337,single,X 5 (1642-74),processed/cropped/x-5-1642-74/p337.jpg,raw/Archivio diocesano/X 5 (1642-74)/IMG20260522101056.jpg,95.8
p338,p338,single,X 5 (1642-74),processed/cropped/x-5-1642-74/p338.jpg,raw/Archivio diocesano/X 5 (1642-74)/IMG20260522101102.jpg,83.9
p339,p339,single,X 5 (1642-74),processed/cropped/x-5-1642-74/p339.jpg,raw/Archivio diocesano/X 5 (1642-74)/IMG20260522101113.jpg,93.5
p340,p340,single,X 5 (1642-74),processed/cropped/x-5-1642-74/p340.jpg,raw/Archivio diocesano/X 5 (1642-74)/IMG20260522101120.jpg,85.6
p341,p341,single,X 5 (1642-74),processed/cropped/x-5-1642-74/p341.jpg,raw/Archivio diocesano/X 5 (1642-74)/IMG20260522101136.jpg,99.6
p342,p342,single,X 5 (1642-74),processed/cropped/x-5-1642-74/p342.jpg,raw/Archivio diocesano/X 5 (1642-74)/IMG20260522101142.jpg,83.3
p343,p343,single,X 5 (1642-74),processed/cropped/x-5-1642-74/p343.jpg,raw/Archivio diocesano/X 5 (1642-74)/IMG20260522101244.jpg,84.9
p344,p344,single,X 5 (1642-74),processed/cropped/x-5-1642-74/p344.jpg,raw/Archivio diocesano/X 5 (1642-74)/IMG20260522101250.jpg,82.5
p345,p345,single,X 5 (1642-74),processed/cropped/x-5-1642-74/p345.jpg,raw/Archivio diocesano/X 5 (1642-74)/IMG20260522101256.jpg,78.8
p346,p346,single,X 5 (1642-74),processed/cropped/x-5-1642-74/p346.jpg,raw/Archivio diocesano/X 5 (1642-74)/IMG20260522101259.jpg,88.9
p347,p347,single,X 5 (1642-74),processed/cropped/x-5-1642-74/p347.jpg,raw/Archivio diocesano/X 5 (1642-74)/IMG20260522101304.jpg,77.3
p348,p348,single,X 5 (1642-74),processed/cropped/x-5-1642-74/p348.jpg,raw/Archivio diocesano/X 5 (1642-74)/IMG20260522101307.jpg,90.7
p349,p349,single,X 5 (1642-74),processed/cropped/x-5-1642-74/p349.jpg,raw/Archivio diocesano/X 5 (1642-74)/IMG20260522101314.jpg,90.9
p350,p350,single,X 5 (1642-74),processed/cropped/x-5-1642-74/p350.jpg,raw/Archivio diocesano/X 5 (1642-74)/IMG20260522101318.jpg,81.8
p351,p351,single,X 5 (1642-74),processed/cropped/x-5-1642-74/p351.jpg,raw/Archivio diocesano/X 5 (1642-74)/IMG20260522101323.jpg,75.8
p352,p352,single,X 5 (1642-74),processed/cropped/x-5-1642-74/p352.jpg,raw/Archivio diocesano/X 5 (1642-74)/IMG20260522101333.jpg,93.1
p353,p353,single,X 5 (1642-74),processed/cropped/x-5-1642-74/p353.jpg,raw/Archivio diocesano/X 5 (1642-74)/IMG20260522101341.jpg,87.4
p354,p354,single,X 5 (1642-74),processed/cropped/x-5-1642-74/p354.jpg,raw/Archivio diocesano/X 5 (1642-74)/IMG20260522101348.jpg,87.1
p355,p355,single,X 51,processed/cropped/x-51/p355.jpg,raw/Archivio diocesano/X 51/IMG20260522105125.jpg,29.7
p356,p356,single,X 51,processed/cropped/x-51/p356.jpg,raw/Archivio diocesano/X 51/IMG20260522105132.jpg,35.4
p357,p357,single,X 51,processed/cropped/x-51/p357.jpg,raw/Archivio diocesano/X 51/IMG20260522105144.jpg,90.7
p358,p358,single,X 51,processed/cropped/x-51/p358.jpg,raw/Archivio diocesano/X 51/IMG20260522105155.jpg,89.7
p359,p359,single,X 51,processed/cropped/x-51/p359.jpg,raw/Archivio diocesano/X 51/IMG20260522105546.jpg,85.9
p360,p360,single,06 - 01,processed/cropped/06-01/p360.jpg,raw/Archivio diocesano/06 - 01/IMG_20190318_113114.jpg,100.0
p361,p361,single,06 - 01,processed/cropped/06-01/p361.jpg,raw/Archivio diocesano/06 - 01/IMG_20190318_113118.jpg,100.0
p362,p362,single,06 - 01,processed/cropped/06-01/p362.jpg,raw/Archivio diocesano/06 - 01/IMG_20190318_113122.jpg,78.1
p363,p363,single,06 - 05,processed/cropped/06-05/p363.jpg,raw/Archivio diocesano/06 - 05/IMG_20190318_113233.jpg,100.0
p364,p364,single,06 - 05,processed/cropped/06-05/p364.jpg,raw/Archivio diocesano/06 - 05/IMG_20190318_113245.jpg,100.0
p365,p365,single,06 - 05,processed/cropped/06-05/p365.jpg,raw/Archivio diocesano/06 - 05/IMG_20190318_113253.jpg,100.0
p366,p366,single,06 - 05,processed/cropped/06-05/p366.jpg,raw/Archivio diocesano/06 - 05/IMG_20190318_113259.jpg,100.0
p367,p367,single,06 - 05,processed/cropped/06-05/p367.jpg,raw/Archivio diocesano/06 - 05/IMG_20190318_113305.jpg,100.0
p368,p368,single,06 - 05,processed/cropped/06-05/p368.jpg,raw/Archivio diocesano/06 - 05/IMG_20190318_113312.jpg,100.0
p369,p369,single,06 - 05,processed/cropped/06-05/p369.jpg,raw/Archivio diocesano/06 - 05/IMG_20190318_113313.jpg,100.0
p370,p370,single,06 - 06,processed/cropped/06-06/p370.jpg,raw/Archivio diocesano/06 - 06/IMG_20190318_113325.jpg,93.1
p371,p371,single,06 - 06,processed/cropped/06-06/p371.jpg,raw/Archivio diocesano/06 - 06/IMG_20190318_113330.jpg,100.0
p372,p372,single,06 - 06,processed/cropped/06-06/p372.jpg,raw/Archivio diocesano/06 - 06/IMG_20190318_113337.jpg,100.0
p373,p373,single,06 - 06,processed/cropped/06-06/p373.jpg,raw/Archivio diocesano/06 - 06/IMG_20190318_113355.jpg,100.0
p374,p374,single,06 - 06,processed/cropped/06-06/p374.jpg,raw/Archivio diocesano/06 - 06/IMG_20190318_113402.jpg,100.0
p375,p375,single,06 - 06,processed/cropped/06-06/p375.jpg,raw/Archivio diocesano/06 - 06/IMG_20190318_113417.jpg,100.0
p376,p376,single,06 - 06,processed/cropped/06-06/p376.jpg,raw/Archivio diocesano/06 - 06/IMG_20190318_113429.jpg,100.0
p377,p377,single,06 - 06,processed/cropped/06-06/p377.jpg,raw/Archivio diocesano/06 - 06/IMG_20190318_113440.jpg,100.0
p378,p378,single,06 - 06,processed/cropped/06-06/p378.jpg,raw/Archivio diocesano/06 - 06/IMG_20190318_113444.jpg,100.0
p379,p379,single,06 - 06,processed/cropped/06-06/p379.jpg,raw/Archivio diocesano/06 - 06/IMG_20190318_113451.jpg,100.0
p380,p380,single,06 - 07,processed/cropped/06-07/p380.jpg,raw/Archivio diocesano/06 - 07/IMG_20190318_113459.jpg,100.0
p381,p381,single,06 - 07,processed/cropped/06-07/p381.jpg,raw/Archivio diocesano/06 - 07/IMG_20190318_113504.jpg,100.0
p382,p382,single,06 - 07,processed/cropped/06-07/p382.jpg,raw/Archivio diocesano/06 - 07/IMG_20190318_113516.jpg,100.0
p383,p383,single,06 - 07,processed/cropped/06-07/p383.jpg,raw/Archivio diocesano/06 - 07/IMG_20190318_113522.jpg,100.0
p384,p384,single,06 - 07,processed/cropped/06-07/p384.jpg,raw/Archivio diocesano/06 - 07/IMG_20190318_113530.jpg,100.0
p385,p385,single,06 - 07,processed/cropped/06-07/p385.jpg,raw/Archivio diocesano/06 - 07/IMG_20190318_113544.jpg,100.0
p386,p386,single,06 - 07,processed/cropped/06-07/p386.jpg,raw/Archivio diocesano/06 - 07/IMG_20190318_113550.jpg,100.0
p387,p387,single,06 - 138,processed/cropped/06-138/p387.jpg,raw/Archivio diocesano/06 - 138/IMG_20190226_111200.jpg,100.0
p388,p388,single,06 - 138,processed/cropped/06-138/p388.jpg,raw/Archivio diocesano/06 - 138/IMG_20190226_111205.jpg,100.0
p389,p389,single,06 - 138,processed/cropped/06-138/p389.jpg,raw/Archivio diocesano/06 - 138/IMG_20190226_111222.jpg,100.0
p390,p390,single,06 - 138,processed/cropped/06-138/p390.jpg,raw/Archivio diocesano/06 - 138/IMG_20190226_111225.jpg,100.0
p391,p391,single,06 - 138,processed/cropped/06-138/p391.jpg,raw/Archivio diocesano/06 - 138/IMG_20190226_111233.jpg,100.0
p392,p392,single,06 - 138,processed/cropped/06-138/p392.jpg,raw/Archivio diocesano/06 - 138/IMG_20190226_111236.jpg,100.0
p393,p393,single,06 - 138,processed/cropped/06-138/p393.jpg,raw/Archivio diocesano/06 - 138/IMG_20190226_111241.jpg,100.0
p394,p394,single,06 - 142,processed/cropped/06-142/p394.jpg,raw/Archivio diocesano/06 - 142/IMG_20190226_111406.jpg,100.0
p395,p395,single,06 - 142,processed/cropped/06-142/p395.jpg,raw/Archivio diocesano/06 - 142/IMG_20190226_111415.jpg,100.0
p396,p396,single,06 - 143,processed/cropped/06-143/p396.jpg,raw/Archivio diocesano/06 - 143/IMG_20190226_111458.jpg,100.0
p397,p397,single,06 - 143,processed/cropped/06-143/p397.jpg,raw/Archivio diocesano/06 - 143/IMG_20190226_111502.jpg,95.7
p398,p398,single,06 - 143,processed/cropped/06-143/p398.jpg,raw/Archivio diocesano/06 - 143/IMG_20190226_111511.jpg,96.2
p399,p399,single,06 - 143,processed/cropped/06-143/p399.jpg,raw/Archivio diocesano/06 - 143/IMG_20190226_111513.jpg,100.0
p400,p400,single,06 - 143,processed/cropped/06-143/p400.jpg,raw/Archivio diocesano/06 - 143/IMG_20190226_111519.jpg,100.0
p401,p401,single,06 - 143,processed/cropped/06-143/p401.jpg,raw/Archivio diocesano/06 - 143/IMG_20190226_111521.jpg,81.1
p402,p402,single,06 - 143,processed/cropped/06-143/p402.jpg,raw/Archivio diocesano/06 - 143/IMG_20190226_111533.jpg,100.0
p403,p403,single,06 - 143,processed/cropped/06-143/p403.jpg,raw/Archivio diocesano/06 - 143/IMG_20190226_111535.jpg,96.1
p404,p404,single,06 - 143,processed/cropped/06-143/p404.jpg,raw/Archivio diocesano/06 - 143/IMG_20190226_111547.jpg,100.0
p405,p405,single,06 - 143,processed/cropped/06-143/p405.jpg,raw/Archivio diocesano/06 - 143/IMG_20190226_111549.jpg,100.0
p406,p406,single,06 - 143,processed/cropped/06-143/p406.jpg,raw/Archivio diocesano/06 - 143/IMG_20190226_111600.jpg,100.0
p407,p407,single,06 - 143,processed/cropped/06-143/p407.jpg,raw/Archivio diocesano/06 - 143/IMG_20190226_111602.jpg,100.0
p408,p408,single,06 - 143,processed/cropped/06-143/p408.jpg,raw/Archivio diocesano/06 - 143/IMG_20190226_111608.jpg,100.0
p409,p409,single,06 - 143,processed/cropped/06-143/p409.jpg,raw/Archivio diocesano/06 - 143/IMG_20190226_111610.jpg,100.0
p410,p410,single,06 - 143,processed/cropped/06-143/p410.jpg,raw/Archivio diocesano/06 - 143/IMG_20190226_111614.jpg,100.0
p411,p411,single,06 - 143,processed/cropped/06-143/p411.jpg,raw/Archivio diocesano/06 - 143/IMG_20190226_111616.jpg,96.7
p412,p412,single,06 - 143,processed/cropped/06-143/p412.jpg,raw/Archivio diocesano/06 - 143/IMG_20190226_111622.jpg,93.7
p413,p413,single,06 - 143,processed/cropped/06-143/p413.jpg,raw/Archivio diocesano/06 - 143/IMG_20190226_111625.jpg,100.0
p414,p414,single,06 - 143,processed/cropped/06-143/p414.jpg,raw/Archivio diocesano/06 - 143/IMG_20190226_111629.jpg,100.0
p415,p415,single,06 - 143,processed/cropped/06-143/p415.jpg,raw/Archivio diocesano/06 - 143/IMG_20190226_111631.jpg,100.0
p416,p416,single,06 - 143,processed/cropped/06-143/p416.jpg,raw/Archivio diocesano/06 - 143/IMG_20190226_111635.jpg,93.2
p417,p417,single,06 - 143,processed/cropped/06-143/p417.jpg,raw/Archivio diocesano/06 - 143/IMG_20190226_111637.jpg,100.0
p418,p418,single,06 - 145,processed/cropped/06-145/p418.jpg,raw/Archivio diocesano/06 - 145/IMG_20190226_111702.jpg,100.0
p419,p419,single,06 - 145,processed/cropped/06-145/p419.jpg,raw/Archivio diocesano/06 - 145/IMG_20190226_111705.jpg,100.0
p420,p420,single,06 - 145,processed/cropped/06-145/p420.jpg,raw/Archivio diocesano/06 - 145/IMG_20190226_111735.jpg,100.0
p421,p421,single,06 - 145,processed/cropped/06-145/p421.jpg,raw/Archivio diocesano/06 - 145/IMG_20190226_111739.jpg,100.0
p422,p422,single,06 - 145,processed/cropped/06-145/p422.jpg,raw/Archivio diocesano/06 - 145/IMG_20190226_111744.jpg,100.0
p423,p423,single,06 - 184,processed/cropped/06-184/p423.jpg,raw/Archivio diocesano/06 - 184/IMG_20190226_110757.jpg,100.0
p424,p424,single,06 - 184,processed/cropped/06-184/p424.jpg,raw/Archivio diocesano/06 - 184/IMG_20190226_110802.jpg,100.0
p425,p425,single,06 - 184,processed/cropped/06-184/p425.jpg,raw/Archivio diocesano/06 - 184/IMG_20190226_110814.jpg,100.0
p426,p426,single,06 - 184,processed/cropped/06-184/p426.jpg,raw/Archivio diocesano/06 - 184/IMG_20190226_110817.jpg,100.0
p427,p427,single,06 - 184,processed/cropped/06-184/p427.jpg,raw/Archivio diocesano/06 - 184/IMG_20190226_110826.jpg,100.0
p428,p428,single,06 - 184,processed/cropped/06-184/p428.jpg,raw/Archivio diocesano/06 - 184/IMG_20190226_110829.jpg,100.0
p429,p429,single,06 - 265,processed/cropped/06-265/p429.jpg,raw/Archivio diocesano/06 - 265/IMG_20190226_112704.jpg,89.0
p430,p430,single,06 - 265,processed/cropped/06-265/p430.jpg,raw/Archivio diocesano/06 - 265/IMG_20190226_112708.jpg,91.2
p431,p431,single,06 - 265,processed/cropped/06-265/p431.jpg,raw/Archivio diocesano/06 - 265/IMG_20190226_112714.jpg,90.6
p432,p432,single,06 - 265,processed/cropped/06-265/p432.jpg,raw/Archivio diocesano/06 - 265/IMG_20190226_112717.jpg,94.5
p433,p433,single,06 - 265,processed/cropped/06-265/p433.jpg,raw/Archivio diocesano/06 - 265/IMG_20190226_112731.jpg,87.5
p434,p434,single,06 - 265,processed/cropped/06-265/p434.jpg,raw/Archivio diocesano/06 - 265/IMG_20190226_112731_1.jpg,87.4
p435,p435,single,06 - 265,processed/cropped/06-265/p435.jpg,raw/Archivio diocesano/06 - 265/IMG_20190226_112734.jpg,84.2
p436,p436,single,06 - 265,processed/cropped/06-265/p436.jpg,raw/Archivio diocesano/06 - 265/IMG_20190226_112743.jpg,93.6
p437,p437,single,06 - 265,processed/cropped/06-265/p437.jpg,raw/Archivio diocesano/06 - 265/IMG_20190226_112747.jpg,90.5
p438,p438,single,06 - 265,processed/cropped/06-265/p438.jpg,raw/Archivio diocesano/06 - 265/IMG_20190226_112753.jpg,86.0
p439,p439,single,06 - 265,processed/cropped/06-265/p439.jpg,raw/Archivio diocesano/06 - 265/IMG_20190226_112755.jpg,100.0
p440,p440,single,06 - 265,processed/cropped/06-265/p440.jpg,raw/Archivio diocesano/06 - 265/IMG_20190226_112809.jpg,81.8
p441,p441,single,06 - 266,processed/cropped/06-266/p441.jpg,raw/Archivio diocesano/06 - 266/IMG_20190226_112828.jpg,100.0
p442,p442,single,06 - 266,processed/cropped/06-266/p442.jpg,raw/Archivio diocesano/06 - 266/IMG_20190226_112847.jpg,95.8
p443,p443,single,06 - 266,processed/cropped/06-266/p443.jpg,raw/Archivio diocesano/06 - 266/IMG_20190226_112902.jpg,100.0
p444,p444,single,06 - 266,processed/cropped/06-266/p444.jpg,raw/Archivio diocesano/06 - 266/IMG_20190226_112904.jpg,94.0
p445,p445,single,06 - 269,processed/cropped/06-269/p445.jpg,raw/Archivio diocesano/06 - 269/IMG_20190226_112941.jpg,100.0
p446,p446,single,06 - 269,processed/cropped/06-269/p446.jpg,raw/Archivio diocesano/06 - 269/IMG_20190226_112954.jpg,100.0
p447,p447,single,06 - 269,processed/cropped/06-269/p447.jpg,raw/Archivio diocesano/06 - 269/IMG_20190226_113006.jpg,94.1
p448,p448,single,06 - 270,processed/cropped/06-270/p448.jpg,raw/Archivio diocesano/06 - 270/IMG_20190226_113020.jpg,100.0
p449,p449,single,06 - 270,processed/cropped/06-270/p449.jpg,raw/Archivio diocesano/06 - 270/IMG_20190226_113025.jpg,100.0
p450,p450,single,06 - 270,processed/cropped/06-270/p450.jpg,raw/Archivio diocesano/06 - 270/IMG_20190226_113042.jpg,100.0
p451,p451,single,06 - 270,processed/cropped/06-270/p451.jpg,raw/Archivio diocesano/06 - 270/IMG_20190226_113044.jpg,100.0
p452,p452,single,06 - 270,processed/cropped/06-270/p452.jpg,raw/Archivio diocesano/06 - 270/IMG_20190226_113048.jpg,100.0
p453,p453,single,06 - 43,processed/cropped/06-43/p453.jpg,raw/Archivio diocesano/06 - 43/IMG_20190318_113750.jpg,100.0
p454,p454,single,06 - 43,processed/cropped/06-43/p454.jpg,raw/Archivio diocesano/06 - 43/IMG_20190318_113759.jpg,100.0
p455,p455,single,06 - 43,processed/cropped/06-43/p455.jpg,raw/Archivio diocesano/06 - 43/IMG_20190318_113805.jpg,100.0
p456,p456,single,06 - 43,processed/cropped/06-43/p456.jpg,raw/Archivio diocesano/06 - 43/IMG_20190318_113812.jpg,100.0
p457,p457,single,06 - 43,processed/cropped/06-43/p457.jpg,raw/Archivio diocesano/06 - 43/IMG_20190318_113818.jpg,100.0
p458,p458,single,06 - 43,processed/cropped/06-43/p458.jpg,raw/Archivio diocesano/06 - 43/IMG_20190318_113821.jpg,100.0
p459,p459,single,06 - 43,processed/cropped/06-43/p459.jpg,raw/Archivio diocesano/06 - 43/IMG_20190318_113828.jpg,100.0
p460,p460,single,06 - 43,processed/cropped/06-43/p460.jpg,raw/Archivio diocesano/06 - 43/IMG_20190318_113835.jpg,100.0
p461,p461,single,06 - 43,processed/cropped/06-43/p461.jpg,raw/Archivio diocesano/06 - 43/IMG_20190318_113840.jpg,100.0
p462,p462,single,06 - 43,processed/cropped/06-43/p462.jpg,raw/Archivio diocesano/06 - 43/IMG_20190318_113848.jpg,100.0
p463,p463,single,06 - 43,processed/cropped/06-43/p463.jpg,raw/Archivio diocesano/06 - 43/IMG_20190318_113859.jpg,100.0
p464,p464,single,06 - 43,processed/cropped/06-43/p464.jpg,raw/Archivio diocesano/06 - 43/IMG_20190318_113903.jpg,100.0
p465,p465,single,06 - 43,processed/cropped/06-43/p465.jpg,raw/Archivio diocesano/06 - 43/IMG_20190318_113916.jpg,100.0
p466,p466,single,06 - 43,processed/cropped/06-43/p466.jpg,raw/Archivio diocesano/06 - 43/IMG_20190318_113929.jpg,100.0
p467,p467,single,06 - 43,processed/cropped/06-43/p467.jpg,raw/Archivio diocesano/06 - 43/IMG_20190318_113931.jpg,100.0
p468,p468,single,06 - 43,processed/cropped/06-43/p468.jpg,raw/Archivio diocesano/06 - 43/IMG_20190318_113931_1.jpg,100.0
p469,p469,single,06 - 43,processed/cropped/06-43/p469.jpg,raw/Archivio diocesano/06 - 43/IMG_20190318_113946.jpg,100.0
p470,p470,single,06 - 43,processed/cropped/06-43/p470.jpg,raw/Archivio diocesano/06 - 43/IMG_20190318_113952.jpg,87.8
p471,p471,single,06 - 43,processed/cropped/06-43/p471.jpg,raw/Archivio diocesano/06 - 43/IMG_20190318_113954.jpg,100.0
p472,p472,single,06 - 43,processed/cropped/06-43/p472.jpg,raw/Archivio diocesano/06 - 43/IMG_20190318_113959.jpg,100.0
p473,p473,single,06 - 43,processed/cropped/06-43/p473.jpg,raw/Archivio diocesano/06 - 43/IMG_20190318_114004.jpg,100.0
p474,p474,single,06 - 67,processed/cropped/06-67/p474.jpg,raw/Archivio diocesano/06 - 67/IMG_20190408_113152.jpg,100.0
p475,p475,single,06 - 67,processed/cropped/06-67/p475.jpg,raw/Archivio diocesano/06 - 67/IMG_20190408_113207.jpg,88.2
p476,p476,single,06 - 67,processed/cropped/06-67/p476.jpg,raw/Archivio diocesano/06 - 67/IMG_20190408_113214.jpg,100.0
p477,p477,single,06 - 67,processed/cropped/06-67/p477.jpg,raw/Archivio diocesano/06 - 67/IMG_20190408_113217.jpg,100.0
p478,p478,single,06 - 67,processed/cropped/06-67/p478.jpg,raw/Archivio diocesano/06 - 67/IMG_20190408_113226.jpg,100.0
p479,p479,single,06 - 67,processed/cropped/06-67/p479.jpg,raw/Archivio diocesano/06 - 67/IMG_20190408_113229.jpg,100.0
p480,p480,single,06 - 67,processed/cropped/06-67/p480.jpg,raw/Archivio diocesano/06 - 67/IMG_20190408_113235.jpg,100.0
p481,p481,single,06 - 67,processed/cropped/06-67/p481.jpg,raw/Archivio diocesano/06 - 67/IMG_20190408_113237.jpg,100.0
p482,p482,single,06 - 67,processed/cropped/06-67/p482.jpg,raw/Archivio diocesano/06 - 67/IMG_20190408_113246.jpg,100.0
p483,p483,single,06 - 67,processed/cropped/06-67/p483.jpg,raw/Archivio diocesano/06 - 67/IMG_20190408_113252.jpg,88.6
p484,p484,single,06 - 67,processed/cropped/06-67/p484.jpg,raw/Archivio diocesano/06 - 67/IMG_20190408_113302.jpg,100.0
p485,p485,single,06 - 67,processed/cropped/06-67/p485.jpg,raw/Archivio diocesano/06 - 67/IMG_20190408_113307.jpg,100.0
p486,p486,single,07 - 02,processed/cropped/07-02/p486.jpg,raw/Archivio diocesano/07 - 02/IMG_20190408_094534.jpg,100.0
p487,p487,single,07 - 02,processed/cropped/07-02/p487.jpg,raw/Archivio diocesano/07 - 02/IMG_20190408_094548.jpg,100.0
p488,p488,single,07 - 02,processed/cropped/07-02/p488.jpg,raw/Archivio diocesano/07 - 02/IMG_20190408_094601.jpg,96.4
p489,p489,single,07 - 02,processed/cropped/07-02/p489.jpg,raw/Archivio diocesano/07 - 02/IMG_20190408_094620.jpg,100.0
p490,p490,single,07 - 02,processed/cropped/07-02/p490.jpg,raw/Archivio diocesano/07 - 02/IMG_20190408_094630.jpg,100.0
p491,p491,single,07 - 02,processed/cropped/07-02/p491.jpg,raw/Archivio diocesano/07 - 02/IMG_20190408_094640.jpg,100.0
p492,p492,single,07 - 02,processed/cropped/07-02/p492.jpg,raw/Archivio diocesano/07 - 02/IMG_20190408_094649.jpg,100.0
p493,p493,single,07 - 02,processed/cropped/07-02/p493.jpg,raw/Archivio diocesano/07 - 02/IMG_20190408_094656.jpg,100.0
p494,p494,single,07 - 02,processed/cropped/07-02/p494.jpg,raw/Archivio diocesano/07 - 02/IMG_20190408_094710.jpg,100.0
p495,p495,single,07 - 02,processed/cropped/07-02/p495.jpg,raw/Archivio diocesano/07 - 02/IMG_20190408_094719.jpg,100.0
p496,p496,single,07 - 02,processed/cropped/07-02/p496.jpg,raw/Archivio diocesano/07 - 02/IMG_20190408_094725.jpg,100.0
p497,p497,single,07 - 02,processed/cropped/07-02/p497.jpg,raw/Archivio diocesano/07 - 02/IMG_20190408_094731.jpg,100.0
p498,p498,single,07 - 02,processed/cropped/07-02/p498.jpg,raw/Archivio diocesano/07 - 02/IMG_20190408_094736.jpg,100.0
p499,p499,single,07 - 02,processed/cropped/07-02/p499.jpg,raw/Archivio diocesano/07 - 02/IMG_20190408_094742.jpg,100.0
p500,p500,single,07 - 02,processed/cropped/07-02/p500.jpg,raw/Archivio diocesano/07 - 02/IMG_20190408_094752.jpg,100.0
p501,p501,single,07 - 02,processed/cropped/07-02/p501.jpg,raw/Archivio diocesano/07 - 02/IMG_20190408_094800.jpg,100.0
p502,p502,single,07 - 02,processed/cropped/07-02/p502.jpg,raw/Archivio diocesano/07 - 02/IMG_20190408_094814.jpg,100.0
p503,p503,single,07 - 03,processed/cropped/07-03/p503.jpg,raw/Archivio diocesano/07 - 03/IMG_20190408_094915.jpg,93.5
p504,p504,single,07 - 03,processed/cropped/07-03/p504.jpg,raw/Archivio diocesano/07 - 03/IMG_20190408_094926.jpg,95.6
p505,p505,single,07 - 03,processed/cropped/07-03/p505.jpg,raw/Archivio diocesano/07 - 03/IMG_20190408_094936.jpg,93.8
p506,p506,single,07 - 03,processed/cropped/07-03/p506.jpg,raw/Archivio diocesano/07 - 03/IMG_20190408_095032.jpg,100.0
p507,p507,single,07 - 03,processed/cropped/07-03/p507.jpg,raw/Archivio diocesano/07 - 03/IMG_20190408_095044.jpg,100.0
p508,p508,single,07 - 03,processed/cropped/07-03/p508.jpg,raw/Archivio diocesano/07 - 03/IMG_20190408_095046.jpg,70.4
p509,p509,single,07 - 03,processed/cropped/07-03/p509.jpg,raw/Archivio diocesano/07 - 03/IMG_20190408_095058.jpg,93.9
p510,p510,single,07 - 03,processed/cropped/07-03/p510.jpg,raw/Archivio diocesano/07 - 03/IMG_20190408_095135.jpg,100.0
p511,p511,single,07 - 03,processed/cropped/07-03/p511.jpg,raw/Archivio diocesano/07 - 03/IMG_20190408_095144.jpg,100.0
p512,p512,single,07 - 154,processed/cropped/07-154/p512.jpg,raw/Archivio diocesano/07 - 154/IMG_20190408_100032.jpg,100.0
p513,p513,single,07 - 154,processed/cropped/07-154/p513.jpg,raw/Archivio diocesano/07 - 154/IMG_20190408_100043.jpg,100.0
p514,p514,single,07 - 154,processed/cropped/07-154/p514.jpg,raw/Archivio diocesano/07 - 154/IMG_20190408_100051.jpg,100.0
p515,p515,single,07 - 154,processed/cropped/07-154/p515.jpg,raw/Archivio diocesano/07 - 154/IMG_20190408_100103.jpg,100.0
p516,p516,single,07 - 154,processed/cropped/07-154/p516.jpg,raw/Archivio diocesano/07 - 154/IMG_20190408_100112.jpg,100.0
p517,p517,single,07 - 154,processed/cropped/07-154/p517.jpg,raw/Archivio diocesano/07 - 154/IMG_20190408_100116.jpg,100.0
p518,p518,single,07 - 154,processed/cropped/07-154/p518.jpg,raw/Archivio diocesano/07 - 154/IMG_20190408_100133.jpg,100.0
p519,p519,single,07 - 154,processed/cropped/07-154/p519.jpg,raw/Archivio diocesano/07 - 154/IMG_20190408_100136.jpg,100.0
p520,p520,single,07 - 154,processed/cropped/07-154/p520.jpg,raw/Archivio diocesano/07 - 154/IMG_20190408_100143.jpg,100.0
p521,p521,single,07 - 154,processed/cropped/07-154/p521.jpg,raw/Archivio diocesano/07 - 154/IMG_20190408_100147.jpg,100.0
p522,p522,single,07 - 154,processed/cropped/07-154/p522.jpg,raw/Archivio diocesano/07 - 154/IMG_20190408_100154.jpg,100.0
p523,p523,single,07 - 154,processed/cropped/07-154/p523.jpg,raw/Archivio diocesano/07 - 154/IMG_20190408_100200.jpg,100.0
p524,p524,single,07 - 154,processed/cropped/07-154/p524.jpg,raw/Archivio diocesano/07 - 154/IMG_20190408_100211.jpg,100.0
p525,p525,single,07 - 154,processed/cropped/07-154/p525.jpg,raw/Archivio diocesano/07 - 154/IMG_20190408_100220.jpg,100.0
p526,p526,single,07 - 154,processed/cropped/07-154/p526.jpg,raw/Archivio diocesano/07 - 154/IMG_20190408_100229.jpg,100.0
p527,p527,single,07 - 154,processed/cropped/07-154/p527.jpg,raw/Archivio diocesano/07 - 154/IMG_20190408_100235.jpg,100.0
p528,p528,single,07 - 154,processed/cropped/07-154/p528.jpg,raw/Archivio diocesano/07 - 154/IMG_20190408_100246.jpg,100.0
p529,p529,single,07 - 154,processed/cropped/07-154/p529.jpg,raw/Archivio diocesano/07 - 154/IMG_20190408_100254.jpg,100.0
p530,p530,single,07 - 154,processed/cropped/07-154/p530.jpg,raw/Archivio diocesano/07 - 154/IMG_20190408_100313.jpg,100.0
p531,p531,single,07 - 154,processed/cropped/07-154/p531.jpg,raw/Archivio diocesano/07 - 154/IMG_20190408_100323.jpg,100.0
p532,p532,single,07 - 154,processed/cropped/07-154/p532.jpg,raw/Archivio diocesano/07 - 154/IMG_20190408_100326.jpg,100.0
p533,p533,single,07 - 154,processed/cropped/07-154/p533.jpg,raw/Archivio diocesano/07 - 154/IMG_20190408_100334.jpg,100.0
p534,p534,single,07 - 154,processed/cropped/07-154/p534.jpg,raw/Archivio diocesano/07 - 154/IMG_20190408_100340.jpg,100.0
p535,p535,single,07 - 154,processed/cropped/07-154/p535.jpg,raw/Archivio diocesano/07 - 154/IMG_20190408_100347.jpg,100.0
p536,p536,single,07 - 154,processed/cropped/07-154/p536.jpg,raw/Archivio diocesano/07 - 154/IMG_20190408_100354.jpg,100.0
p537,p537,single,07 - 154,processed/cropped/07-154/p537.jpg,raw/Archivio diocesano/07 - 154/IMG_20190408_100357.jpg,100.0
p538,p538,single,07 - 154,processed/cropped/07-154/p538.jpg,raw/Archivio diocesano/07 - 154/IMG_20190408_100403.jpg,100.0
p539,p539,single,07 - 154,processed/cropped/07-154/p539.jpg,raw/Archivio diocesano/07 - 154/IMG_20190408_100419.jpg,100.0
p540,p540,single,07 - 154,processed/cropped/07-154/p540.jpg,raw/Archivio diocesano/07 - 154/IMG_20190408_100424.jpg,89.5
p541,p541,single,07 - 154,processed/cropped/07-154/p541.jpg,raw/Archivio diocesano/07 - 154/IMG_20190408_100430.jpg,100.0
p542,p542,single,07 - 154,processed/cropped/07-154/p542.jpg,raw/Archivio diocesano/07 - 154/IMG_20190408_100437.jpg,100.0
p543,p543,single,07 - 154,processed/cropped/07-154/p543.jpg,raw/Archivio diocesano/07 - 154/IMG_20190408_100444.jpg,100.0
p544,p544,single,07 - 154,processed/cropped/07-154/p544.jpg,raw/Archivio diocesano/07 - 154/IMG_20190408_100447.jpg,100.0
p545,p545,single,07 - 154,processed/cropped/07-154/p545.jpg,raw/Archivio diocesano/07 - 154/IMG_20190408_100458.jpg,100.0
p546,p546,single,07 - 154,processed/cropped/07-154/p546.jpg,raw/Archivio diocesano/07 - 154/IMG_20190408_100504.jpg,100.0
p547,p547,single,07 - 154,processed/cropped/07-154/p547.jpg,raw/Archivio diocesano/07 - 154/IMG_20190408_100508.jpg,100.0
p548,p548,single,07 - 154,processed/cropped/07-154/p548.jpg,raw/Archivio diocesano/07 - 154/IMG_20190408_100519.jpg,100.0
p549,p549,single,07 - 154,processed/cropped/07-154/p549.jpg,raw/Archivio diocesano/07 - 154/IMG_20190408_100525.jpg,100.0
p550,p550,single,07 - 154,processed/cropped/07-154/p550.jpg,raw/Archivio diocesano/07 - 154/IMG_20190408_100528.jpg,100.0
p551,p551,single,08 - 04,processed/cropped/08-04/p551.jpg,raw/Archivio diocesano/08 - 04/IMG_20190318_093637.jpg,100.0
p552,p552,single,08 - 04,processed/cropped/08-04/p552.jpg,raw/Archivio diocesano/08 - 04/IMG_20190318_093649.jpg,100.0
p553,p553,single,08 - 06,processed/cropped/08-06/p553.jpg,raw/Archivio diocesano/08 - 06/IMG_20190318_093928.jpg,100.0
p554,p554,single,08 - 06,processed/cropped/08-06/p554.jpg,raw/Archivio diocesano/08 - 06/IMG_20190318_093955.jpg,100.0
p555,p555,single,08 - 06,processed/cropped/08-06/p555.jpg,raw/Archivio diocesano/08 - 06/IMG_20190318_094002.jpg,90.9
p556,p556,single,08 - 13,processed/cropped/08-13/p556.jpg,raw/Archivio diocesano/08 - 13/IMG_20190318_094027.jpg,100.0
p557,p557,single,08 - 13,processed/cropped/08-13/p557.jpg,raw/Archivio diocesano/08 - 13/IMG_20190318_094036.jpg,100.0
p558,p558,single,08 - 13,processed/cropped/08-13/p558.jpg,raw/Archivio diocesano/08 - 13/IMG_20190318_094043.jpg,100.0
p559,p559,single,08 - 13,processed/cropped/08-13/p559.jpg,raw/Archivio diocesano/08 - 13/IMG_20190318_094050.jpg,100.0
p560,p560,single,08 - 13,processed/cropped/08-13/p560.jpg,raw/Archivio diocesano/08 - 13/IMG_20190318_094216.jpg,100.0
p561,p561,single,08 - 13,processed/cropped/08-13/p561.jpg,raw/Archivio diocesano/08 - 13/IMG_20190318_094222.jpg,100.0
p562,p562,single,08 - 13,processed/cropped/08-13/p562.jpg,raw/Archivio diocesano/08 - 13/IMG_20190318_094227.jpg,100.0
p563,p563,single,08 - 13,processed/cropped/08-13/p563.jpg,raw/Archivio diocesano/08 - 13/IMG_20190318_094236.jpg,100.0
p564,p564,single,08 - 13,processed/cropped/08-13/p564.jpg,raw/Archivio diocesano/08 - 13/IMG_20190318_094243.jpg,100.0
p565,p565,single,08 - 19,processed/cropped/08-19/p565.jpg,raw/Archivio diocesano/08 - 19/IMG_20190318_094343.jpg,100.0
p566,p566,single,08 - 19,processed/cropped/08-19/p566.jpg,raw/Archivio diocesano/08 - 19/IMG_20190318_094409.jpg,100.0
p567,p567,single,08 - 19,processed/cropped/08-19/p567.jpg,raw/Archivio diocesano/08 - 19/IMG_20190318_094421.jpg,82.0
p568,p568,single,08 - 19,processed/cropped/08-19/p568.jpg,raw/Archivio diocesano/08 - 19/IMG_20190318_094426.jpg,91.9
p569,p569,single,08 - 19,processed/cropped/08-19/p569.jpg,raw/Archivio diocesano/08 - 19/IMG_20190318_094433.jpg,95.1
p570,p570,single,08 - 19,processed/cropped/08-19/p570.jpg,raw/Archivio diocesano/08 - 19/IMG_20190318_094442.jpg,94.1
p571,p571,single,08 - 19,processed/cropped/08-19/p571.jpg,raw/Archivio diocesano/08 - 19/IMG_20190318_094456.jpg,100.0
p572,p572,single,08 - 19,processed/cropped/08-19/p572.jpg,raw/Archivio diocesano/08 - 19/IMG_20190318_094508.jpg,100.0
p573,p573,single,08 - 19,processed/cropped/08-19/p573.jpg,raw/Archivio diocesano/08 - 19/IMG_20190318_094519.jpg,88.6
p574,p574,single,08 - 19,processed/cropped/08-19/p574.jpg,raw/Archivio diocesano/08 - 19/IMG_20190318_094523.jpg,100.0
p575,p575,single,08 - 19,processed/cropped/08-19/p575.jpg,raw/Archivio diocesano/08 - 19/IMG_20190318_094530.jpg,89.3
p576,p576,single,08 - 19,processed/cropped/08-19/p576.jpg,raw/Archivio diocesano/08 - 19/IMG_20190318_094537.jpg,100.0
p577,p577,single,08 - 26,processed/cropped/08-26/p577.jpg,raw/Archivio diocesano/08 - 26/IMG_20190318_094555.jpg,100.0
p578,p578,single,08 - 26,processed/cropped/08-26/p578.jpg,raw/Archivio diocesano/08 - 26/IMG_20190318_094601.jpg,100.0
p579,p579,single,08 - 26,processed/cropped/08-26/p579.jpg,raw/Archivio diocesano/08 - 26/IMG_20190318_094608.jpg,100.0
p580,p580,single,08 - 26,processed/cropped/08-26/p580.jpg,raw/Archivio diocesano/08 - 26/IMG_20190318_094614.jpg,100.0
p581,p581,single,08 - 26,processed/cropped/08-26/p581.jpg,raw/Archivio diocesano/08 - 26/IMG_20190318_094618.jpg,100.0
p582,p582,single,08 - 26,processed/cropped/08-26/p582.jpg,raw/Archivio diocesano/08 - 26/IMG_20190318_094633.jpg,100.0
p583,p583,single,08 - 26,processed/cropped/08-26/p583.jpg,raw/Archivio diocesano/08 - 26/IMG_20190318_094640.jpg,100.0
p584,p584,single,08 - 26,processed/cropped/08-26/p584.jpg,raw/Archivio diocesano/08 - 26/IMG_20190318_094646.jpg,100.0
p585,p585,single,08 - 26,processed/cropped/08-26/p585.jpg,raw/Archivio diocesano/08 - 26/IMG_20190318_094650.jpg,100.0
p586,p586,single,08 - 26,processed/cropped/08-26/p586.jpg,raw/Archivio diocesano/08 - 26/IMG_20190318_094654.jpg,100.0
p587,p587,single,08 - 29,processed/cropped/08-29/p587.jpg,raw/Archivio diocesano/08 - 29/IMG_20190318_094711.jpg,86.7
p588,p588,single,08 - 29,processed/cropped/08-29/p588.jpg,raw/Archivio diocesano/08 - 29/IMG_20190318_094715.jpg,100.0
p589,p589,single,08 - 29,processed/cropped/08-29/p589.jpg,raw/Archivio diocesano/08 - 29/IMG_20190318_094724.jpg,100.0
p590,p590,single,08 - 37,processed/cropped/08-37/p590.jpg,raw/Archivio diocesano/08 - 37/IMG_20190318_094938.jpg,88.3
p591,p591,single,08 - 37,processed/cropped/08-37/p591.jpg,raw/Archivio diocesano/08 - 37/IMG_20190318_094947.jpg,100.0
p592,p592,single,08 - 37,processed/cropped/08-37/p592.jpg,raw/Archivio diocesano/08 - 37/IMG_20190318_094947_1.jpg,100.0
p593,p593,single,08 - 37,processed/cropped/08-37/p593.jpg,raw/Archivio diocesano/08 - 37/IMG_20190318_094954.jpg,100.0
p594,p594,single,08 - 37,processed/cropped/08-37/p594.jpg,raw/Archivio diocesano/08 - 37/IMG_20190318_094958.jpg,100.0
p595,p595,single,08 - 37,processed/cropped/08-37/p595.jpg,raw/Archivio diocesano/08 - 37/IMG_20190318_095006.jpg,100.0
p596,p596,single,08 - 37,processed/cropped/08-37/p596.jpg,raw/Archivio diocesano/08 - 37/IMG_20190318_095010.jpg,100.0
p597,p597,single,08 - 37,processed/cropped/08-37/p597.jpg,raw/Archivio diocesano/08 - 37/IMG_20190318_095026.jpg,100.0
p598,p598,single,08 - 37,processed/cropped/08-37/p598.jpg,raw/Archivio diocesano/08 - 37/IMG_20190318_095032.jpg,88.5
p599,p599,single,08 - 37,processed/cropped/08-37/p599.jpg,raw/Archivio diocesano/08 - 37/IMG_20190318_095032_1.jpg,88.9
p600,p600,single,08 - 37,processed/cropped/08-37/p600.jpg,raw/Archivio diocesano/08 - 37/IMG_20190318_095039.jpg,100.0
p601,p601,single,08 - 37,processed/cropped/08-37/p601.jpg,raw/Archivio diocesano/08 - 37/IMG_20190318_095045.jpg,97.4
p602,p602,single,08 - 37,processed/cropped/08-37/p602.jpg,raw/Archivio diocesano/08 - 37/IMG_20190318_095048.jpg,100.0
p603,p603,single,08 - 37,processed/cropped/08-37/p603.jpg,raw/Archivio diocesano/08 - 37/IMG_20190318_095055.jpg,100.0
p604,p604,single,08 - 37,processed/cropped/08-37/p604.jpg,raw/Archivio diocesano/08 - 37/IMG_20190318_095103.jpg,100.0
p605,p605,single,08 - 37,processed/cropped/08-37/p605.jpg,raw/Archivio diocesano/08 - 37/IMG_20190318_095106.jpg,100.0
p606,p606,single,08 - 37,processed/cropped/08-37/p606.jpg,raw/Archivio diocesano/08 - 37/IMG_20190318_095112.jpg,100.0
p607,p607,single,08 - 37,processed/cropped/08-37/p607.jpg,raw/Archivio diocesano/08 - 37/IMG_20190318_095118.jpg,100.0
p608,p608,single,08 - 37,processed/cropped/08-37/p608.jpg,raw/Archivio diocesano/08 - 37/IMG_20190318_095126.jpg,100.0
p609,p609,single,08 - 37,processed/cropped/08-37/p609.jpg,raw/Archivio diocesano/08 - 37/IMG_20190318_095129.jpg,100.0
p610,p610,single,08 - 37,processed/cropped/08-37/p610.jpg,raw/Archivio diocesano/08 - 37/IMG_20190318_095139.jpg,57.7
p611,p611,single,08 - 37,processed/cropped/08-37/p611.jpg,raw/Archivio diocesano/08 - 37/IMG_20190318_095144.jpg,100.0
p612,p612,single,08 - 37,processed/cropped/08-37/p612.jpg,raw/Archivio diocesano/08 - 37/IMG_20190318_095158.jpg,100.0
p613,p613,single,08 - 37,processed/cropped/08-37/p613.jpg,raw/Archivio diocesano/08 - 37/IMG_20190318_095212.jpg,100.0
p614,p614,single,08 - 37,processed/cropped/08-37/p614.jpg,raw/Archivio diocesano/08 - 37/IMG_20190318_095218.jpg,100.0
p615,p615,single,08 - 37,processed/cropped/08-37/p615.jpg,raw/Archivio diocesano/08 - 37/IMG_20190318_095230.jpg,92.0
p616,p616,single,08 - 37,processed/cropped/08-37/p616.jpg,raw/Archivio diocesano/08 - 37/IMG_20190318_095238.jpg,91.4
p617,p617,single,08 - 37,processed/cropped/08-37/p617.jpg,raw/Archivio diocesano/08 - 37/IMG_20190318_095249.jpg,78.5
p618,p618,single,08 - 43,processed/cropped/08-43/p618.jpg,raw/Archivio diocesano/08 - 43/IMG_20190318_095847.jpg,90.4
p619,p619,single,08 - 43,processed/cropped/08-43/p619.jpg,raw/Archivio diocesano/08 - 43/IMG_20190318_095852.jpg,100.0
p620,p620,single,08 - 43,processed/cropped/08-43/p620.jpg,raw/Archivio diocesano/08 - 43/IMG_20190318_095901.jpg,100.0
p621,p621,single,08 - 43,processed/cropped/08-43/p621.jpg,raw/Archivio diocesano/08 - 43/IMG_20190318_095908.jpg,100.0
p622,p622,single,08 - 43,processed/cropped/08-43/p622.jpg,raw/Archivio diocesano/08 - 43/IMG_20190318_095911.jpg,100.0
p623,p623,single,08 - 43,processed/cropped/08-43/p623.jpg,raw/Archivio diocesano/08 - 43/IMG_20190318_095917.jpg,100.0
p624,p624,single,08 - 43,processed/cropped/08-43/p624.jpg,raw/Archivio diocesano/08 - 43/IMG_20190318_095919.jpg,97.8
p625,p625,single,11 - 04,processed/cropped/11-04/p625.jpg,raw/Archivio diocesano/11 - 04/IMG_20190408_111411.jpg,88.4
p626,p626,single,11 - 04,processed/cropped/11-04/p626.jpg,raw/Archivio diocesano/11 - 04/IMG_20190408_111422.jpg,100.0
p627,p627,single,11 - 05,processed/cropped/11-05/p627.jpg,raw/Archivio diocesano/11 - 05/IMG_20190408_111449.jpg,100.0
p628,p628,single,11 - 05,processed/cropped/11-05/p628.jpg,raw/Archivio diocesano/11 - 05/IMG_20190408_111456.jpg,100.0
p629,p629,single,12 - 10,processed/cropped/12-10/p629.jpg,raw/Archivio diocesano/12 - 10/IMG_20190318_105428.jpg,100.0
p630,p630,single,12 - 10,processed/cropped/12-10/p630.jpg,raw/Archivio diocesano/12 - 10/IMG_20190318_105437.jpg,95.0
p631,p631,single,12 - 10,processed/cropped/12-10/p631.jpg,raw/Archivio diocesano/12 - 10/IMG_20190318_105444.jpg,100.0
p632,p632,single,12 - 10,processed/cropped/12-10/p632.jpg,raw/Archivio diocesano/12 - 10/IMG_20190318_105447.jpg,100.0
p633,p633,single,03 - 04,processed/cropped/03-04/p633.jpg,raw/Archivio diocesano/03 - 04/IMG20260720095923.jpg,91.0
p634a,p634,a,03 - 04,processed/cropped/03-04/p634a.jpg,raw/Archivio diocesano/03 - 04/IMG20260720095935.jpg,53.0
p634b,p634,b,03 - 04,processed/cropped/03-04/p634b.jpg,raw/Archivio diocesano/03 - 04/IMG20260720095935.jpg,53.0
p635a,p635,a,03 - 04,processed/cropped/03-04/p635a.jpg,raw/Archivio diocesano/03 - 04/IMG20260720095942.jpg,40.1
p635b,p635,b,03 - 04,processed/cropped/03-04/p635b.jpg,raw/Archivio diocesano/03 - 04/IMG20260720095942.jpg,25.7
p636a,p636,a,03 - 04,processed/cropped/03-04/p636a.jpg,raw/Archivio diocesano/03 - 04/IMG20260720095948.jpg,53.0
p636b,p636,b,03 - 04,processed/cropped/03-04/p636b.jpg,raw/Archivio diocesano/03 - 04/IMG20260720095948.jpg,53.0
p637,p637,single,03 - 04,processed/cropped/03-04/p637.jpg,raw/Archivio diocesano/03 - 04/IMG20260720095954.jpg,82.6
p638,p638,single,06 - 46,processed/cropped/06-46/p638.jpg,raw/Archivio diocesano/06 - 46/IMG20260720100351.jpg,82.4
p639,p639,single,06 - 46,processed/cropped/06-46/p639.jpg,raw/Archivio diocesano/06 - 46/IMG20260720100400.jpg,92.7
p640,p640,single,06 - 46,processed/cropped/06-46/p640.jpg,raw/Archivio diocesano/06 - 46/IMG20260720100409.jpg,100.0
p641,p641,single,06 - 46,processed/cropped/06-46/p641.jpg,raw/Archivio diocesano/06 - 46/IMG20260720100416.jpg,100.0
p642,p642,single,06 - 46,processed/cropped/06-46/p642.jpg,raw/Archivio diocesano/06 - 46/IMG20260720100422.jpg,96.4
p643,p643,single,06 - 46,processed/cropped/06-46/p643.jpg,raw/Archivio diocesano/06 - 46/IMG20260720100438.jpg,100.0
p644,p644,single,06 - 46,processed/cropped/06-46/p644.jpg,raw/Archivio diocesano/06 - 46/IMG20260720100451.jpg,100.0
p645,p645,single,06 - 46,processed/cropped/06-46/p645.jpg,raw/Archivio diocesano/06 - 46/IMG20260720100501.jpg,95.8
p646,p646,single,06 - 46,processed/cropped/06-46/p646.jpg,raw/Archivio diocesano/06 - 46/IMG20260720100507.jpg,100.0
p647,p647,single,06 - 49,processed/cropped/06-49/p647.jpg,raw/Archivio diocesano/06 - 49/IMG20260720100611.jpg,93.9
p648,p648,single,06 - 49,processed/cropped/06-49/p648.jpg,raw/Archivio diocesano/06 - 49/IMG20260720100618.jpg,100.0
p649,p649,single,06 - 49,processed/cropped/06-49/p649.jpg,raw/Archivio diocesano/06 - 49/IMG20260720100621.jpg,93.7
p650,p650,single,06 - 49,processed/cropped/06-49/p650.jpg,raw/Archivio diocesano/06 - 49/IMG20260720100631.jpg,93.5
p651,p651,single,06 - 49,processed/cropped/06-49/p651.jpg,raw/Archivio diocesano/06 - 49/IMG20260720100634.jpg,95.2
p652,p652,single,06 - 49,processed/cropped/06-49/p652.jpg,raw/Archivio diocesano/06 - 49/IMG20260720100642.jpg,100.0
p653,p653,single,06 - 49,processed/cropped/06-49/p653.jpg,raw/Archivio diocesano/06 - 49/IMG20260720100653.jpg,95.3
p654,p654,single,06 - 49,processed/cropped/06-49/p654.jpg,raw/Archivio diocesano/06 - 49/IMG20260720100704.jpg,97.7
p655,p655,single,06 - 49,processed/cropped/06-49/p655.jpg,raw/Archivio diocesano/06 - 49/IMG20260720100708.jpg,94.0
p656,p656,single,06 - 49,processed/cropped/06-49/p656.jpg,raw/Archivio diocesano/06 - 49/IMG20260720100714.jpg,100.0
p657,p657,single,06 - 49,processed/cropped/06-49/p657.jpg,raw/Archivio diocesano/06 - 49/IMG20260720100718.jpg,97.5
p658,p658,single,06 - 49,processed/cropped/06-49/p658.jpg,raw/Archivio diocesano/06 - 49/IMG20260720100724.jpg,100.0
p659,p659,single,06 - 49,processed/cropped/06-49/p659.jpg,raw/Archivio diocesano/06 - 49/IMG20260720100727.jpg,94.2
p660,p660,single,06 - 49,processed/cropped/06-49/p660.jpg,raw/Archivio diocesano/06 - 49/IMG20260720100733.jpg,100.0
p661,p661,single,06 - 49,processed/cropped/06-49/p661.jpg,raw/Archivio diocesano/06 - 49/IMG20260720100736.jpg,94.8
p662,p662,single,06 - 49,processed/cropped/06-49/p662.jpg,raw/Archivio diocesano/06 - 49/IMG20260720100743.jpg,100.0
p663,p663,single,06 - 49,processed/cropped/06-49/p663.jpg,raw/Archivio diocesano/06 - 49/IMG20260720100746.jpg,93.8
p664,p664,single,06 - 49,processed/cropped/06-49/p664.jpg,raw/Archivio diocesano/06 - 49/IMG20260720100751.jpg,100.0
p665,p665,single,06 - 49,processed/cropped/06-49/p665.jpg,raw/Archivio diocesano/06 - 49/IMG20260720100757.jpg,94.1
p666,p666,single,06 - 49,processed/cropped/06-49/p666.jpg,raw/Archivio diocesano/06 - 49/IMG20260720100803.jpg,97.0
p667,p667,single,06 - 49,processed/cropped/06-49/p667.jpg,raw/Archivio diocesano/06 - 49/IMG20260720100807.jpg,95.2
p668,p668,single,06 - 49,processed/cropped/06-49/p668.jpg,raw/Archivio diocesano/06 - 49/IMG20260720100814.jpg,96.6
p669,p669,single,06 - 49,processed/cropped/06-49/p669.jpg,raw/Archivio diocesano/06 - 49/IMG20260720100818.jpg,94.7
p670,p670,single,06 - 49,processed/cropped/06-49/p670.jpg,raw/Archivio diocesano/06 - 49/IMG20260720100826.jpg,97.2
p671,p671,single,06 - 49,processed/cropped/06-49/p671.jpg,raw/Archivio diocesano/06 - 49/IMG20260720100846.jpg,95.3
p672,p672,single,06 - 49,processed/cropped/06-49/p672.jpg,raw/Archivio diocesano/06 - 49/IMG20260720100854.jpg,96.7
p673,p673,single,06 - 49,processed/cropped/06-49/p673.jpg,raw/Archivio diocesano/06 - 49/IMG20260720100858.jpg,92.6
p674,p674,single,06 - 49,processed/cropped/06-49/p674.jpg,raw/Archivio diocesano/06 - 49/IMG20260720100907.jpg,93.3
p675,p675,single,06 - 49,processed/cropped/06-49/p675.jpg,raw/Archivio diocesano/06 - 49/IMG20260720100915.jpg,100.0
p676,p676,single,06 - 49,processed/cropped/06-49/p676.jpg,raw/Archivio diocesano/06 - 49/IMG20260720100919.jpg,94.3
p677,p677,single,06 - 49,processed/cropped/06-49/p677.jpg,raw/Archivio diocesano/06 - 49/IMG20260720100925.jpg,96.3
p678,p678,single,06 - 49,processed/cropped/06-49/p678.jpg,raw/Archivio diocesano/06 - 49/IMG20260720100935.jpg,100.0
p679,p679,single,06 - 49,processed/cropped/06-49/p679.jpg,raw/Archivio diocesano/06 - 49/IMG20260720100938.jpg,94.0
p680,p680,single,06 - 49,processed/cropped/06-49/p680.jpg,raw/Archivio diocesano/06 - 49/IMG20260720100945.jpg,100.0
p681,p681,single,06 - 49,processed/cropped/06-49/p681.jpg,raw/Archivio diocesano/06 - 49/IMG20260720100949.jpg,96.3
p682,p682,single,06 - 49,processed/cropped/06-49/p682.jpg,raw/Archivio diocesano/06 - 49/IMG20260720100956.jpg,96.3
p683,p683,single,06 - 49,processed/cropped/06-49/p683.jpg,raw/Archivio diocesano/06 - 49/IMG20260720100959.jpg,93.3
p684,p684,single,06 - 49,processed/cropped/06-49/p684.jpg,raw/Archivio diocesano/06 - 49/IMG20260720101007.jpg,96.6
p685,p685,single,06 - 49,processed/cropped/06-49/p685.jpg,raw/Archivio diocesano/06 - 49/IMG20260720101010.jpg,92.0
p686,p686,single,06 - 49,processed/cropped/06-49/p686.jpg,raw/Archivio diocesano/06 - 49/IMG20260720101017.jpg,94.1
p687,p687,single,06 - 49,processed/cropped/06-49/p687.jpg,raw/Archivio diocesano/06 - 49/IMG20260720101021.jpg,92.6
p688,p688,single,06 - 49,processed/cropped/06-49/p688.jpg,raw/Archivio diocesano/06 - 49/IMG20260720101029.jpg,95.8
p689,p689,single,06 - 49,processed/cropped/06-49/p689.jpg,raw/Archivio diocesano/06 - 49/IMG20260720101108.jpg,91.4
p690,p690,single,06 - 49,processed/cropped/06-49/p690.jpg,raw/Archivio diocesano/06 - 49/IMG20260720101124.jpg,88.9
p691,p691,single,06 - 49,processed/cropped/06-49/p691.jpg,raw/Archivio diocesano/06 - 49/IMG20260720101140.jpg,100.0
p692,p692,single,06 - 49,processed/cropped/06-49/p692.jpg,raw/Archivio diocesano/06 - 49/IMG20260720101148.jpg,96.6
p693,p693,single,06 - 49,processed/cropped/06-49/p693.jpg,raw/Archivio diocesano/06 - 49/IMG20260720101151.jpg,90.9
p694,p694,single,06 - 49,processed/cropped/06-49/p694.jpg,raw/Archivio diocesano/06 - 49/IMG20260720101217.jpg,100.0
p695,p695,single,Testamento Ambrogio Fagnani,processed/cropped/testamento-ambrogio-fagnani/p695.jpg,raw/Archivio diocesano/Testamento Ambrogio Fagnani/page-001-000.jpg,100.0
p696,p696,single,Testamento Ambrogio Fagnani,processed/cropped/testamento-ambrogio-fagnani/p696.jpg,raw/Archivio diocesano/Testamento Ambrogio Fagnani/page-002-001.jpg,100.0
p697,p697,single,Testamento Ambrogio Fagnani,processed/cropped/testamento-ambrogio-fagnani/p697.jpg,raw/Archivio diocesano/Testamento Ambrogio Fagnani/page-003-002.jpg,100.0
p698,p698,single,Testamento Ambrogio Fagnani,processed/cropped/testamento-ambrogio-fagnani/p698.jpg,raw/Archivio diocesano/Testamento Ambrogio Fagnani/page-004-003.jpg,100.0
p699,p699,single,Testamento Ambrogio Fagnani,processed/cropped/testamento-ambrogio-fagnani/p699.jpg,raw/Archivio diocesano/Testamento Ambrogio Fagnani/page-005-004.jpg,100.0
p700,p700,single,Testamento Ambrogio Fagnani,processed/cropped/testamento-ambrogio-fagnani/p700.jpg,raw/Archivio diocesano/Testamento Ambrogio Fagnani/page-006-005.jpg,100.0
p701,p701,single,Testamento Ambrogio Fagnani,processed/cropped/testamento-ambrogio-fagnani/p701.jpg,raw/Archivio diocesano/Testamento Ambrogio Fagnani/page-007-006.jpg,100.0
p702,p702,single,Testamento Ambrogio Fagnani,processed/cropped/testamento-ambrogio-fagnani/p702.jpg,raw/Archivio diocesano/Testamento Ambrogio Fagnani/page-008-007.jpg,100.0
p703,p703,single,Testamento Ambrogio Fagnani,processed/cropped/testamento-ambrogio-fagnani/p703.jpg,raw/Archivio diocesano/Testamento Ambrogio Fagnani/page-009-008.jpg,100.0
p704,p704,single,Testamento Ambrogio Fagnani,processed/cropped/testamento-ambrogio-fagnani/p704.jpg,raw/Archivio diocesano/Testamento Ambrogio Fagnani/page-010-009.jpg,100.0
p705,p705,single,Testamento Ambrogio Fagnani,processed/cropped/testamento-ambrogio-fagnani/p705.jpg,raw/Archivio diocesano/Testamento Ambrogio Fagnani/page-011-010.jpg,100.0
p706,p706,single,Testamento Ambrogio Fagnani,processed/cropped/testamento-ambrogio-fagnani/p706.jpg,raw/Archivio diocesano/Testamento Ambrogio Fagnani/page-012-011.jpg,100.0
p707,p707,single,Testamento Ambrogio Fagnani,processed/cropped/testamento-ambrogio-fagnani/p707.jpg,raw/Archivio diocesano/Testamento Ambrogio Fagnani/page-013-012.jpg,100.0
p708,p708,single,Testamento Ambrogio Fagnani,processed/cropped/testamento-ambrogio-fagnani/p708.jpg,raw/Archivio diocesano/Testamento Ambrogio Fagnani/page-014-013.jpg,100.0
